ticker,company,market,meeting_type,run_no,status,elapsed_s,agenda,for,against,review,candidates
000660,SK하이닉스,KOSPI,annual,1,exact,13.2,4,2,0,2,2
000660,SK하이닉스,KOSPI,annual,2,exact,0.0,4,2,0,2,2
000660,SK하이닉스,KOSPI,annual,3,exact,0.0,4,2,0,2,2
005930,삼성전자,KOSPI,annual,1,exact,15.4,10,7,0,3,9
005930,삼성전자,KOSPI,annual,2,exact,0.0,10,7,0,3,9
005930,삼성전자,KOSPI,annual,3,exact,0.0,10,7,0,3,9
005380,현대차,KOSPI,annual,1,exact,16.2,10,3,0,7,7
005380,현대차,KOSPI,annual,2,exact,0.0,10,3,0,7,7
005380,현대차,KOSPI,annual,3,exact,0.4,10,3,0,7,7
373220,LG에너지솔루션,KOSPI,annual,1,exact,13.2,5,1,0,4,2
373220,LG에너지솔루션,KOSPI,annual,2,exact,0.2,5,1,0,4,2
373220,LG에너지솔루션,KOSPI,annual,3,exact,0.0,5,1,0,4,2
402340,SK스퀘어,KOSPI,annual,1,exact,12.3,6,1,0,5,3
402340,SK스퀘어,KOSPI,annual,2,exact,0.2,6,1,0,5,3
402340,SK스퀘어,KOSPI,annual,3,exact,0.0,6,1,0,5,3
207940,삼성바이오로직스,KOSPI,annual,1,exact,12.1,8,1,0,7,5
207940,삼성바이오로직스,KOSPI,annual,2,exact,0.0,8,1,0,7,5
207940,삼성바이오로직스,KOSPI,annual,3,exact,0.0,8,1,0,7,5
034020,두산에너빌리티,KOSPI,annual,1,exact,14.5,6,3,0,3,3
034020,두산에너빌리티,KOSPI,annual,2,exact,0.0,6,3,0,3,3
034020,두산에너빌리티,KOSPI,annual,3,exact,0.0,6,3,0,3,3
012450,한화에어로스페이스,KOSPI,annual,1,exact,15.7,10,1,0,9,0
012450,한화에어로스페이스,KOSPI,annual,2,exact,0.0,10,1,0,9,0
012450,한화에어로스페이스,KOSPI,annual,3,exact,0.0,10,1,0,9,0
000270,기아,KOSPI,annual,1,exact,18.1,8,1,0,7,4
000270,기아,KOSPI,annual,2,exact,3.5,8,1,0,7,4
000270,기아,KOSPI,annual,3,exact,0.0,8,1,0,7,4
329180,HD현대중공업,KOSPI,annual,1,exact,13.9,3,1,0,2,2
329180,HD현대중공업,KOSPI,annual,2,exact,0.0,3,1,0,2,2
329180,HD현대중공업,KOSPI,annual,3,exact,0.0,3,1,0,2,2
105560,KB금융,KOSPI,annual,1,exact,14.4,10,2,0,8,9
105560,KB금융,KOSPI,annual,2,exact,0.0,10,2,0,8,9
105560,KB금융,KOSPI,annual,3,exact,0.0,10,2,0,8,9
028260,삼성물산,KOSPI,annual,1,exact,14.1,7,1,0,6,0
028260,삼성물산,KOSPI,annual,2,exact,0.0,7,1,0,6,0
028260,삼성물산,KOSPI,annual,3,exact,0.3,7,1,0,6,0
032830,삼성생명,KOSPI,annual,1,exact,12.4,10,5,0,5,8
032830,삼성생명,KOSPI,annual,2,exact,0.0,10,5,0,5,8
032830,삼성생명,KOSPI,annual,3,exact,0.0,10,5,0,5,8
068270,셀트리온,KOSPI,annual,1,exact,16.9,5,1,0,4,0
068270,셀트리온,KOSPI,annual,2,exact,0.0,5,1,0,4,0
068270,셀트리온,KOSPI,annual,3,exact,0.0,5,1,0,4,0
055550,신한지주,KOSPI,annual,1,exact,19.5,10,2,0,8,11
055550,신한지주,KOSPI,annual,2,exact,7.4,10,2,0,8,11
055550,신한지주,KOSPI,annual,3,exact,0.0,10,2,0,8,11
012330,현대모비스,KOSPI,annual,1,exact,22.9,9,2,0,7,4
042660,한화오션,KOSPI,annual,1,exact,27.9,10,3,0,7,10
012330,현대모비스,KOSPI,annual,2,exact,0.0,9,2,0,7,4
042660,한화오션,KOSPI,annual,2,exact,0.0,10,3,0,7,10
012330,현대모비스,KOSPI,annual,3,exact,0.0,9,2,0,7,4
042660,한화오션,KOSPI,annual,3,exact,0.0,10,3,0,7,10
006800,미래에셋증권,KOSPI,annual,1,exact,14.8,10,1,0,9,0
006800,미래에셋증권,KOSPI,annual,2,exact,0.0,10,1,0,9,0
006800,미래에셋증권,KOSPI,annual,3,exact,0.0,10,1,0,9,0
035420,NAVER,KOSPI,annual,1,exact,10.6,10,1,0,9,0
035420,NAVER,KOSPI,annual,2,exact,0.0,10,1,0,9,0
035420,NAVER,KOSPI,annual,3,exact,0.0,10,1,0,9,0
267260,HD현대일렉트릭,KOSPI,annual,1,exact,11.2,6,1,0,5,3
267260,HD현대일렉트릭,KOSPI,annual,2,exact,0.0,6,1,0,5,3
267260,HD현대일렉트릭,KOSPI,annual,3,exact,0.0,6,1,0,5,3
010130,고려아연,KOSPI,annual,1,exact,8.6,7,1,0,6,27
010130,고려아연,KOSPI,annual,2,exact,0.3,7,1,0,6,27
009150,삼성전기,KOSPI,annual,1,exact,9.5,7,2,0,5,3
010130,고려아연,KOSPI,annual,3,exact,0.0,7,1,0,6,27
009150,삼성전기,KOSPI,annual,2,exact,0.0,7,2,0,5,3
009150,삼성전기,KOSPI,annual,3,exact,0.0,7,2,0,5,3
015760,한국전력,KOSPI,annual,1,error,0.1,0,0,0,0,0
015760,한국전력,KOSPI,annual,2,error,0.1,0,0,0,0,0
015760,한국전력,KOSPI,annual,3,error,0.1,0,0,0,0,0
006400,삼성SDI,KOSPI,annual,1,exact,9.6,4,1,0,3,1
006400,삼성SDI,KOSPI,annual,2,exact,0.0,4,1,0,3,1
006400,삼성SDI,KOSPI,annual,3,exact,0.0,4,1,0,3,1
042700,한미반도체,KOSPI,annual,1,exact,12.8,6,2,0,4,2
042700,한미반도체,KOSPI,annual,2,exact,0.0,6,2,0,4,2
042700,한미반도체,KOSPI,annual,3,exact,0.0,6,2,0,4,2
086790,하나금융지주,KOSPI,annual,1,exact,14.7,10,1,7,2,11
005490,POSCO홀딩스,KOSPI,annual,1,exact,13.3,10,4,0,6,7
086790,하나금융지주,KOSPI,annual,2,exact,0.0,10,1,7,2,11
005490,POSCO홀딩스,KOSPI,annual,2,exact,0.0,10,4,0,6,7
086790,하나금융지주,KOSPI,annual,3,exact,0.0,10,1,7,2,11
005490,POSCO홀딩스,KOSPI,annual,3,exact,0.0,10,4,0,6,7
010120,LS ELECTRIC,KOSPI,annual,1,exact,41.0,7,1,0,6,3
010120,LS ELECTRIC,KOSPI,annual,2,exact,0.0,7,1,0,6,3
010120,LS ELECTRIC,KOSPI,annual,3,exact,0.0,7,1,0,6,3
034730,SK,KOSPI,annual,1,exact,43.2,9,3,0,6,5
034730,SK,KOSPI,annual,2,exact,0.0,9,3,0,6,5
034730,SK,KOSPI,annual,3,exact,0.1,9,3,0,6,5
009540,HD한국조선해양,KOSPI,annual,1,exact,46.7,6,1,0,5,3
009540,HD한국조선해양,KOSPI,annual,2,exact,0.0,6,1,0,5,3
009540,HD한국조선해양,KOSPI,annual,3,exact,0.0,6,1,0,5,3
298040,효성중공업,KOSPI,annual,1,exact,13.2,8,4,0,4,4
298040,효성중공업,KOSPI,annual,2,exact,0.0,8,4,0,4,4
298040,효성중공업,KOSPI,annual,3,exact,0.0,8,4,0,4,4
272210,한화시스템,KOSPI,annual,1,exact,15.1,10,3,0,7,4
316140,우리금융지주,KOSPI,annual,1,exact,13.4,10,1,0,9,8
272210,한화시스템,KOSPI,annual,2,exact,0.0,10,3,0,7,4
316140,우리금융지주,KOSPI,annual,2,exact,0.0,10,1,0,9,8
272210,한화시스템,KOSPI,annual,3,exact,0.0,10,3,0,7,4
316140,우리금융지주,KOSPI,annual,3,exact,0.0,10,1,0,9,8
000810,삼성화재,KOSPI,annual,1,error,0.1,0,0,0,0,0
000810,삼성화재,KOSPI,annual,2,error,0.1,0,0,0,0,0
000810,삼성화재,KOSPI,annual,3,error,0.1,0,0,0,0,0
010140,삼성중공업,KOSPI,annual,1,exact,15.5,7,4,0,3,3
010140,삼성중공업,KOSPI,annual,2,exact,0.0,7,4,0,3,3
010140,삼성중공업,KOSPI,annual,3,exact,0.0,7,4,0,3,3
035720,카카오,KOSPI,annual,1,exact,16.7,10,1,0,9,5
051910,LG화학,KOSPI,annual,1,exact,16.7,10,3,0,7,6
035720,카카오,KOSPI,annual,2,exact,0.0,10,1,0,9,5
051910,LG화학,KOSPI,annual,2,exact,0.0,10,3,0,7,6
035720,카카오,KOSPI,annual,3,exact,0.0,10,1,0,9,5
051910,LG화학,KOSPI,annual,3,exact,0.0,10,3,0,7,6
267250,HD현대,KOSPI,annual,1,exact,21.9,4,1,0,3,2
267250,HD현대,KOSPI,annual,2,exact,0.0,4,1,0,3,2
267250,HD현대,KOSPI,annual,3,exact,0.0,4,1,0,3,2
024110,기업은행,KOSPI,annual,1,exact,16.4,4,1,0,3,0
024110,기업은행,KOSPI,annual,2,exact,0.0,4,1,0,3,0
024110,기업은행,KOSPI,annual,3,exact,0.0,4,1,0,3,0
011200,HMM,KOSPI,annual,1,exact,16.8,7,1,3,3,4
011200,HMM,KOSPI,annual,2,exact,0.0,7,1,3,3,4
011200,HMM,KOSPI,annual,3,exact,0.0,7,1,3,3,4
064350,현대로템,KOSPI,annual,1,exact,13.5,8,1,0,7,5
064350,현대로템,KOSPI,annual,2,exact,0.0,8,1,0,7,5
064350,현대로템,KOSPI,annual,3,exact,0.0,8,1,0,7,5
096770,SK이노베이션,KOSPI,annual,1,exact,14.8,7,1,0,6,5
096770,SK이노베이션,KOSPI,annual,2,exact,0.0,7,1,0,6,5
096770,SK이노베이션,KOSPI,annual,3,exact,0.0,7,1,0,6,5
066570,LG전자,KOSPI,annual,1,exact,17.8,10,5,0,5,2
066570,LG전자,KOSPI,annual,2,exact,0.0,10,5,0,5,2
066570,LG전자,KOSPI,annual,3,exact,0.0,10,5,0,5,2
138040,메리츠금융지주,KOSPI,annual,1,exact,36.9,4,2,0,2,1
138040,메리츠금융지주,KOSPI,annual,2,exact,0.0,4,2,0,2,1
138040,메리츠금융지주,KOSPI,annual,3,exact,0.0,4,2,0,2,1
033780,KT&G,KOSPI,annual,1,exact,38.9,10,5,0,5,3
033780,KT&G,KOSPI,annual,2,exact,0.0,10,5,0,5,3
033780,KT&G,KOSPI,annual,3,exact,0.0,10,5,0,5,3
000150,두산,KOSPI,annual,1,exact,41.6,9,4,0,5,5
000150,두산,KOSPI,annual,2,exact,0.0,9,4,0,5,5
000150,두산,KOSPI,annual,3,exact,0.0,9,4,0,5,5
000720,현대건설,KOSPI,annual,1,exact,25.2,7,1,0,6,3
000720,현대건설,KOSPI,annual,2,exact,0.0,7,1,0,6,3
000720,현대건설,KOSPI,annual,3,exact,0.0,7,1,0,6,3
003670,포스코퓨처엠,KOSPI,annual,1,exact,22.8,8,5,0,3,5
003670,포스코퓨처엠,KOSPI,annual,2,exact,0.0,8,5,0,3,5
003670,포스코퓨처엠,KOSPI,annual,3,exact,0.0,8,5,0,3,5
047810,한국항공우주,KOSPI,annual,1,exact,19.2,10,7,0,3,7
047810,한국항공우주,KOSPI,annual,2,exact,0.0,10,7,0,3,7
047810,한국항공우주,KOSPI,annual,3,exact,0.3,10,7,0,3,7
086280,현대글로비스,KOSPI,annual,1,exact,14.0,3,2,0,1,1
086280,현대글로비스,KOSPI,annual,2,exact,0.0,3,2,0,1,1
086280,현대글로비스,KOSPI,annual,3,exact,0.2,3,2,0,1,1
017670,SK텔레콤,KOSPI,annual,1,exact,14.3,5,1,0,4,3
017670,SK텔레콤,KOSPI,annual,2,exact,0.6,5,1,0,4,3
017670,SK텔레콤,KOSPI,annual,3,exact,0.0,5,1,0,4,3
030200,KT,KOSPI,annual,1,exact,14.5,5,1,0,4,7
030200,KT,KOSPI,annual,2,exact,3.3,5,1,0,4,7
030200,KT,KOSPI,annual,3,exact,0.0,5,1,0,4,7
079550,LIG넥스원,KOSPI,annual,1,exact,27.4,10,1,0,9,17
079550,LIG넥스원,KOSPI,annual,2,exact,0.5,10,1,0,9,17
079550,LIG넥스원,KOSPI,annual,3,exact,0.0,10,1,0,9,17
047050,포스코인터내셔널,KOSPI,annual,1,exact,26.5,10,6,0,4,7
047050,포스코인터내셔널,KOSPI,annual,2,exact,0.0,10,6,0,4,7
047050,포스코인터내셔널,KOSPI,annual,3,exact,0.0,10,6,0,4,7
003550,LG,KOSPI,annual,1,exact,23.0,9,2,0,7,4
003550,LG,KOSPI,annual,2,exact,0.0,9,2,0,7,4
003550,LG,KOSPI,annual,3,exact,0.2,9,2,0,7,4
352820,하이브,KOSPI,annual,1,exact,12.8,10,7,0,3,6
352820,하이브,KOSPI,annual,2,exact,0.0,10,7,0,3,6
352820,하이브,KOSPI,annual,3,exact,0.0,10,7,0,3,6
005830,DB손해보험,KOSPI,annual,1,exact,15.1,6,2,0,4,8
005830,DB손해보험,KOSPI,annual,2,exact,0.0,6,2,0,4,8
005830,DB손해보험,KOSPI,annual,3,exact,0.0,6,2,0,4,8
010950,S-Oil,KOSPI,annual,1,exact,8.7,3,1,0,2,1
010950,S-Oil,KOSPI,annual,2,exact,0.0,3,1,0,2,1
010950,S-Oil,KOSPI,annual,3,exact,0.0,3,1,0,2,1
005940,NH투자증권,KOSPI,annual,1,exact,16.4,5,1,0,4,0
005940,NH투자증권,KOSPI,annual,2,exact,1.2,5,1,0,4,0
005940,NH투자증권,KOSPI,annual,3,exact,0.0,5,1,0,4,0
071050,한국금융지주,KOSPI,annual,1,exact,21.3,10,6,0,4,5
071050,한국금융지주,KOSPI,annual,2,exact,0.0,10,6,0,4,5
071050,한국금융지주,KOSPI,annual,3,exact,0.0,10,6,0,4,5
278470,에이피알,KOSPI,annual,1,exact,40.4,3,2,0,1,0
278470,에이피알,KOSPI,annual,2,exact,0.0,3,2,0,1,0
278470,에이피알,KOSPI,annual,3,exact,0.0,3,2,0,1,0
018260,삼성에스디에스,KOSPI,annual,1,exact,18.6,6,3,0,3,2
018260,삼성에스디에스,KOSPI,annual,2,exact,0.0,6,3,0,3,2
018260,삼성에스디에스,KOSPI,annual,3,exact,0.0,6,3,0,3,2
323410,카카오뱅크,KOSPI,annual,1,exact,11.9,10,2,0,8,5
323410,카카오뱅크,KOSPI,annual,2,exact,0.0,10,2,0,8,5
323410,카카오뱅크,KOSPI,annual,3,exact,0.0,10,2,0,8,5
039490,키움증권,KOSPI,annual,1,exact,16.0,10,1,0,9,0
039490,키움증권,KOSPI,annual,2,exact,0.0,10,1,0,9,0
039490,키움증권,KOSPI,annual,3,exact,0.0,10,1,0,9,0
307950,현대오토에버,KOSPI,annual,1,exact,15.1,10,3,4,3,6
307950,현대오토에버,KOSPI,annual,2,exact,8.6,10,3,4,3,6
307950,현대오토에버,KOSPI,annual,3,exact,0.0,10,3,4,3,6
003490,대한항공,KOSPI,annual,1,exact,23.5,4,1,1,2,1
003490,대한항공,KOSPI,annual,2,exact,0.0,4,1,1,2,1
259960,크래프톤,KOSPI,annual,1,exact,28.0,4,1,0,3,1
003490,대한항공,KOSPI,annual,3,exact,0.0,4,1,1,2,1
259960,크래프톤,KOSPI,annual,2,exact,0.0,4,1,0,3,1
259960,크래프톤,KOSPI,annual,3,exact,0.0,4,1,0,3,1
007660,이수페타시스,KOSPI,annual,1,exact,10.2,5,1,0,4,1
007660,이수페타시스,KOSPI,annual,2,exact,0.0,5,1,0,4,1
007660,이수페타시스,KOSPI,annual,3,exact,0.0,5,1,0,4,1
016360,삼성증권,KOSPI,annual,1,exact,15.1,10,1,0,9,0
016360,삼성증권,KOSPI,annual,2,exact,0.0,10,1,0,9,0
016360,삼성증권,KOSPI,annual,3,exact,0.0,10,1,0,9,0
006260,LS,KOSPI,annual,1,exact,18.5,3,1,0,2,1
006260,LS,KOSPI,annual,2,exact,0.0,3,1,0,2,1
006260,LS,KOSPI,annual,3,exact,0.1,3,1,0,2,1
003230,삼양식품,KOSPI,annual,1,exact,20.9,3,2,0,1,1
003230,삼양식품,KOSPI,annual,2,exact,0.0,3,2,0,1,1
003230,삼양식품,KOSPI,annual,3,exact,0.0,3,2,0,1,1
090430,아모레퍼시픽,KOSPI,annual,1,exact,15.6,10,1,0,9,6
090430,아모레퍼시픽,KOSPI,annual,2,exact,0.0,10,1,0,9,6
090430,아모레퍼시픽,KOSPI,annual,3,exact,0.0,10,1,0,9,6
180640,한진칼,KOSPI,annual,1,exact,14.1,10,5,0,5,3
180640,한진칼,KOSPI,annual,2,exact,0.0,10,5,0,5,3
180640,한진칼,KOSPI,annual,3,exact,0.0,10,5,0,5,3
377300,카카오페이,KOSPI,annual,1,exact,11.2,6,1,0,5,6
377300,카카오페이,KOSPI,annual,2,exact,0.0,6,1,0,5,6
377300,카카오페이,KOSPI,annual,3,exact,0.0,6,1,0,5,6
000880,한화,KOSPI,annual,1,exact,26.2,10,3,0,7,3
000880,한화,KOSPI,annual,2,exact,0.0,10,3,0,7,3
000880,한화,KOSPI,annual,3,exact,0.0,10,3,0,7,3
009830,한화솔루션,KOSPI,annual,1,exact,26.3,9,1,0,8,2
009830,한화솔루션,KOSPI,annual,2,exact,0.0,9,1,0,8,2
443060,HD현대마린솔루션,KOSPI,annual,1,exact,24.2,10,1,0,9,5
009830,한화솔루션,KOSPI,annual,3,exact,0.0,9,1,0,8,2
443060,HD현대마린솔루션,KOSPI,annual,2,exact,0.0,10,1,0,9,5
443060,HD현대마린솔루션,KOSPI,annual,3,exact,0.0,10,1,0,9,5
000100,유한양행,KOSPI,annual,1,exact,23.1,3,1,0,2,0
000100,유한양행,KOSPI,annual,2,exact,0.0,3,1,0,2,0
326030,SK바이오팜,KOSPI,annual,1,exact,21.1,5,1,0,4,4
000100,유한양행,KOSPI,annual,3,exact,0.0,3,1,0,2,0
326030,SK바이오팜,KOSPI,annual,2,exact,0.0,5,1,0,4,4
326030,SK바이오팜,KOSPI,annual,3,exact,0.0,5,1,0,4,4
047040,대우건설,KOSPI,annual,1,exact,30.1,7,1,0,6,5
047040,대우건설,KOSPI,annual,2,exact,0.0,7,1,0,6,5
047040,대우건설,KOSPI,annual,3,exact,0.0,7,1,0,6,5
161390,한국타이어앤테크놀로지,KOSPI,annual,1,exact,14.0,10,2,0,8,4
161390,한국타이어앤테크놀로지,KOSPI,annual,2,exact,1.5,10,2,0,8,4
161390,한국타이어앤테크놀로지,KOSPI,annual,3,exact,0.0,10,2,0,8,4
028050,삼성E&A,KOSPI,annual,1,exact,16.1,10,1,0,9,5
028050,삼성E&A,KOSPI,annual,2,exact,0.0,10,1,0,9,5
028050,삼성E&A,KOSPI,annual,3,exact,0.2,10,1,0,9,5
029780,삼성카드,KOSPI,annual,1,exact,12.0,10,1,0,9,7
029780,삼성카드,KOSPI,annual,2,exact,0.0,10,1,0,9,7
029780,삼성카드,KOSPI,annual,3,exact,0.0,10,1,0,9,7
011070,LG이노텍,KOSPI,annual,1,exact,16.7,9,5,0,4,5
011070,LG이노텍,KOSPI,annual,2,exact,2.9,9,5,0,4,5
011070,LG이노텍,KOSPI,annual,3,exact,0.0,9,5,0,4,5
128940,한미약품,KOSPI,annual,1,exact,20.8,7,4,0,3,3
128940,한미약품,KOSPI,annual,2,exact,0.0,7,4,0,3,3
128940,한미약품,KOSPI,annual,3,exact,0.0,7,4,0,3,3
032640,LG유플러스,KOSPI,annual,1,exact,18.3,7,1,0,6,4
032640,LG유플러스,KOSPI,annual,2,exact,0.0,7,1,0,6,4
032640,LG유플러스,KOSPI,annual,3,exact,0.0,7,1,0,6,4
078930,GS,KOSPI,annual,1,exact,18.5,5,1,0,4,2
078930,GS,KOSPI,annual,2,exact,0.9,5,1,0,4,2
078930,GS,KOSPI,annual,3,exact,0.0,5,1,0,4,2
052690,한전기술,KOSPI,annual,1,exact,17.3,4,1,1,2,1
052690,한전기술,KOSPI,annual,2,exact,0.0,4,1,1,2,1
052690,한전기술,KOSPI,annual,3,exact,0.0,4,1,1,2,1
064400,LG씨엔에스,KOSPI,annual,1,exact,17.1,4,1,0,3,1
064400,LG씨엔에스,KOSPI,annual,2,exact,0.2,4,1,0,3,1
064400,LG씨엔에스,KOSPI,annual,3,exact,0.0,4,1,0,3,1
034220,LG디스플레이,KOSPI,annual,1,exact,14.6,10,3,0,7,4
034220,LG디스플레이,KOSPI,annual,2,exact,0.0,10,3,0,7,4
034220,LG디스플레이,KOSPI,annual,3,exact,0.0,10,3,0,7,4
241560,두산밥캣,KOSPI,annual,1,exact,14.9,5,3,0,2,2
241560,두산밥캣,KOSPI,annual,2,exact,0.0,5,3,0,2,2
241560,두산밥캣,KOSPI,annual,3,exact,0.0,5,3,0,2,2
001040,CJ,KOSPI,annual,1,exact,27.3,6,2,0,4,10
001040,CJ,KOSPI,annual,2,exact,0.0,6,2,0,4,10
001040,CJ,KOSPI,annual,3,exact,0.0,6,2,0,4,10
138930,BNK금융지주,KOSPI,annual,1,exact,14.2,9,1,0,8,5
138930,BNK금융지주,KOSPI,annual,2,exact,0.0,9,1,0,8,5
138930,BNK금융지주,KOSPI,annual,3,exact,0.0,9,1,0,8,5
454910,두산로보틱스,KOSPI,annual,1,exact,12.0,4,1,0,3,2
454910,두산로보틱스,KOSPI,annual,2,exact,0.0,4,1,0,3,2
454910,두산로보틱스,KOSPI,annual,3,exact,0.0,4,1,0,3,2
001440,대한전선,KOSPI,annual,1,exact,41.5,10,3,0,7,8
001440,대한전선,KOSPI,annual,2,exact,0.0,10,3,0,7,8
001440,대한전선,KOSPI,annual,3,exact,0.0,10,3,0,7,8
175330,JB금융지주,KOSPI,annual,1,exact,43.6,7,2,0,5,6
175330,JB금융지주,KOSPI,annual,2,exact,0.0,7,2,0,5,6
175330,JB금융지주,KOSPI,annual,3,exact,0.0,7,2,0,5,6
271560,오리온,KOSPI,annual,1,exact,43.2,4,3,0,1,3
271560,오리온,KOSPI,annual,2,exact,0.0,4,3,0,1,3
271560,오리온,KOSPI,annual,3,exact,0.0,4,3,0,1,3
022100,포스코DX,KOSPI,annual,1,exact,11.3,5,1,0,4,3
022100,포스코DX,KOSPI,annual,2,exact,0.3,5,1,0,4,3
022100,포스코DX,KOSPI,annual,3,exact,0.0,5,1,0,4,3
021240,코웨이,KOSPI,annual,1,exact,12.1,10,2,0,8,5
021240,코웨이,KOSPI,annual,2,exact,0.2,10,2,0,8,5
021240,코웨이,KOSPI,annual,3,exact,0.0,10,2,0,8,5
036570,엔씨소프트,KOSPI,annual,1,exact,17.1,8,1,0,7,4
036570,엔씨소프트,KOSPI,annual,2,exact,0.0,8,1,0,7,4
036570,엔씨소프트,KOSPI,annual,3,exact,0.0,8,1,0,7,4
247540,에코프로비엠,KOSDAQ,annual,1,exact,13.2,10,8,0,2,14
247540,에코프로비엠,KOSDAQ,annual,2,exact,0.6,10,8,0,2,14
247540,에코프로비엠,KOSDAQ,annual,3,exact,0.0,10,8,0,2,14
086520,에코프로,KOSDAQ,annual,1,exact,15.1,10,0,0,10,8
086520,에코프로,KOSDAQ,annual,2,exact,0.0,10,0,0,10,8
086520,에코프로,KOSDAQ,annual,3,exact,0.0,10,0,0,10,8
196170,알테오젠,KOSDAQ,annual,1,exact,8.5,3,0,0,3,3
196170,알테오젠,KOSDAQ,annual,2,exact,0.0,3,0,0,3,3
196170,알테오젠,KOSDAQ,annual,3,exact,0.0,3,0,0,3,3
277810,레인보우로보틱스,KOSDAQ,annual,1,exact,7.7,10,1,0,9,0
277810,레인보우로보틱스,KOSDAQ,annual,2,exact,0.0,10,1,0,9,0
277810,레인보우로보틱스,KOSDAQ,annual,3,exact,0.0,10,1,0,9,0
058470,리노공업,KOSDAQ,annual,1,exact,6.3,10,1,0,9,2
058470,리노공업,KOSDAQ,annual,2,exact,0.0,10,1,0,9,2
058470,리노공업,KOSDAQ,annual,3,exact,0.0,10,1,0,9,2
000250,삼천당제약,KOSDAQ,annual,1,exact,10.5,8,3,0,5,3
000250,삼천당제약,KOSDAQ,annual,2,exact,0.0,8,3,0,5,3
000250,삼천당제약,KOSDAQ,annual,3,exact,0.0,8,3,0,5,3
028300,HLB,KOSDAQ,annual,1,exact,10.9,7,1,3,3,3
028300,HLB,KOSDAQ,annual,2,exact,1.4,7,1,3,3,3
028300,HLB,KOSDAQ,annual,3,exact,0.0,7,1,3,3,3
950160,코오롱티슈진,KOSDAQ,annual,1,exact,17.8,7,1,0,6,2
950160,코오롱티슈진,KOSDAQ,annual,2,exact,0.0,7,1,0,6,2
950160,코오롱티슈진,KOSDAQ,annual,3,exact,0.0,7,1,0,6,2
298380,에이비엘바이오,KOSDAQ,annual,1,exact,14.8,8,3,0,5,3
298380,에이비엘바이오,KOSDAQ,annual,2,exact,0.0,8,3,0,5,3
298380,에이비엘바이오,KOSDAQ,annual,3,exact,0.0,8,3,0,5,3
141080,리가켐바이오,KOSDAQ,annual,1,exact,17.4,8,1,0,7,1
141080,리가켐바이오,KOSDAQ,annual,2,exact,2.4,8,1,0,7,1
141080,리가켐바이오,KOSDAQ,annual,3,exact,0.0,8,1,0,7,1
036930,주성엔지니어링,KOSDAQ,annual,1,exact,16.5,10,1,0,9,6
036930,주성엔지니어링,KOSDAQ,annual,2,exact,0.0,10,1,0,9,6
036930,주성엔지니어링,KOSDAQ,annual,3,exact,0.0,10,1,0,9,6
039030,이오테크닉스,KOSDAQ,annual,1,exact,7.1,10,2,0,8,2
039030,이오테크닉스,KOSDAQ,annual,2,exact,0.0,10,2,0,8,2
039030,이오테크닉스,KOSDAQ,annual,3,exact,0.0,10,2,0,8,2
087010,펩트론,KOSDAQ,annual,1,exact,22.6,10,1,0,9,0
087010,펩트론,KOSDAQ,annual,2,exact,0.0,10,1,0,9,0
087010,펩트론,KOSDAQ,annual,3,exact,0.0,10,1,0,9,0
240810,원익IPS,KOSDAQ,annual,1,exact,7.3,10,5,0,5,3
240810,원익IPS,KOSDAQ,annual,2,exact,0.0,10,5,0,5,3
240810,원익IPS,KOSDAQ,annual,3,exact,0.0,10,5,0,5,3
214370,케어젠,KOSDAQ,annual,1,exact,6.0,5,2,0,3,2
214370,케어젠,KOSDAQ,annual,2,exact,0.0,5,2,0,3,2
214370,케어젠,KOSDAQ,annual,3,exact,0.0,5,2,0,3,2
310210,보로노이,KOSDAQ,annual,1,exact,6.5,10,2,0,8,1
310210,보로노이,KOSDAQ,annual,2,exact,0.0,10,2,0,8,1
310210,보로노이,KOSDAQ,annual,3,exact,0.0,10,2,0,8,1
095340,ISC,KOSDAQ,annual,1,exact,6.3,10,4,0,6,3
095340,ISC,KOSDAQ,annual,2,exact,0.0,10,4,0,6,3
095340,ISC,KOSDAQ,annual,3,exact,0.0,10,4,0,6,3
108490,로보티즈,KOSDAQ,annual,1,exact,13.3,3,1,0,2,0
108490,로보티즈,KOSDAQ,annual,2,exact,0.0,3,1,0,2,0
108490,로보티즈,KOSDAQ,annual,3,exact,0.0,3,1,0,2,0
403870,HPSP,KOSDAQ,annual,1,exact,15.9,8,4,0,4,2
403870,HPSP,KOSDAQ,annual,2,exact,0.0,8,4,0,4,2
403870,HPSP,KOSDAQ,annual,3,exact,0.0,8,4,0,4,2
440110,파두,KOSDAQ,annual,1,exact,15.9,10,5,0,5,7
440110,파두,KOSDAQ,annual,2,exact,0.0,10,5,0,5,7
440110,파두,KOSDAQ,annual,3,exact,0.0,10,5,0,5,7
032820,우리기술,KOSDAQ,annual,1,exact,10.9,3,1,0,2,0
032820,우리기술,KOSDAQ,annual,2,exact,0.0,3,1,0,2,0
032820,우리기술,KOSDAQ,annual,3,exact,0.0,3,1,0,2,0
214150,클래시스,KOSDAQ,annual,1,exact,9.1,6,1,0,5,2
214150,클래시스,KOSDAQ,annual,2,exact,0.0,6,1,0,5,2
214150,클래시스,KOSDAQ,annual,3,exact,0.0,6,1,0,5,2
263750,펄어비스,KOSDAQ,annual,1,exact,16.0,8,1,0,7,4
263750,펄어비스,KOSDAQ,annual,2,exact,0.0,8,1,0,7,4
263750,펄어비스,KOSDAQ,annual,3,exact,0.0,8,1,0,7,4
226950,올릭스,KOSDAQ,annual,1,exact,9.7,4,2,0,2,4
226950,올릭스,KOSDAQ,annual,2,exact,0.0,4,2,0,2,4
226950,올릭스,KOSDAQ,annual,3,exact,0.0,4,2,0,2,4
357780,솔브레인,KOSDAQ,annual,1,exact,10.8,8,1,0,7,1
357780,솔브레인,KOSDAQ,annual,2,exact,0.0,8,1,0,7,1
357780,솔브레인,KOSDAQ,annual,3,exact,0.0,8,1,0,7,1
178320,서진시스템,KOSDAQ,annual,1,exact,11.0,9,2,0,7,3
178320,서진시스템,KOSDAQ,annual,2,exact,0.0,9,2,0,7,3
178320,서진시스템,KOSDAQ,annual,3,exact,0.0,9,2,0,7,3
064760,티씨케이,KOSDAQ,annual,1,exact,10.5,5,1,0,4,5
064760,티씨케이,KOSDAQ,annual,2,exact,0.0,5,1,0,4,5
064760,티씨케이,KOSDAQ,annual,3,exact,0.0,5,1,0,4,5
319400,현대무벡스,KOSDAQ,annual,1,exact,11.4,10,1,0,9,8
319400,현대무벡스,KOSDAQ,annual,2,exact,0.0,10,1,0,9,8
319400,현대무벡스,KOSDAQ,annual,3,exact,0.0,10,1,0,9,8
214450,파마리서치,KOSDAQ,annual,1,exact,12.5,10,1,0,9,8
214450,파마리서치,KOSDAQ,annual,2,exact,0.3,10,1,0,9,8
214450,파마리서치,KOSDAQ,annual,3,exact,0.0,10,1,0,9,8
347850,디앤디파마텍,KOSDAQ,annual,1,exact,6.1,6,2,0,4,4
347850,디앤디파마텍,KOSDAQ,annual,2,exact,0.0,6,2,0,4,4
347850,디앤디파마텍,KOSDAQ,annual,3,exact,0.0,6,2,0,4,4
222800,심텍,KOSDAQ,annual,1,exact,7.6,9,0,0,9,1
222800,심텍,KOSDAQ,annual,2,exact,0.0,9,0,0,9,1
222800,심텍,KOSDAQ,annual,3,exact,0.0,9,0,0,9,1
237690,에스티팜,KOSDAQ,annual,1,exact,11.4,8,1,0,7,3
237690,에스티팜,KOSDAQ,annual,2,exact,0.0,8,1,0,7,3
237690,에스티팜,KOSDAQ,annual,3,exact,0.0,8,1,0,7,3
145020,휴젤,KOSDAQ,annual,1,exact,23.6,10,8,0,2,10
145020,휴젤,KOSDAQ,annual,2,exact,0.0,10,8,0,2,10
145020,휴젤,KOSDAQ,annual,3,exact,0.0,10,8,0,2,10
083650,비에이치아이,KOSDAQ,annual,1,exact,23.4,8,1,4,3,4
083650,비에이치아이,KOSDAQ,annual,2,exact,0.0,8,1,4,3,4
083650,비에이치아이,KOSDAQ,annual,3,exact,0.0,8,1,4,3,4
084370,유진테크,KOSDAQ,annual,1,exact,18.6,5,1,0,4,1
084370,유진테크,KOSDAQ,annual,2,exact,0.0,5,1,0,4,1
084370,유진테크,KOSDAQ,annual,3,exact,0.0,5,1,0,4,1
005290,동진쎄미켐,KOSDAQ,annual,1,exact,8.9,7,1,0,6,3
005290,동진쎄미켐,KOSDAQ,annual,2,exact,0.0,7,1,0,6,3
005290,동진쎄미켐,KOSDAQ,annual,3,exact,0.0,7,1,0,6,3
043260,성호전자,KOSDAQ,annual,1,exact,7.8,4,1,0,3,1
043260,성호전자,KOSDAQ,annual,2,exact,0.0,4,1,0,3,1
043260,성호전자,KOSDAQ,annual,3,exact,0.0,4,1,0,3,1
058610,에스피지,KOSDAQ,annual,1,exact,8.8,6,1,2,3,2
058610,에스피지,KOSDAQ,annual,2,exact,0.7,6,1,2,3,2
058610,에스피지,KOSDAQ,annual,3,exact,0.6,6,1,2,3,2
100790,미래에셋벤처투자,KOSDAQ,annual,1,exact,7.0,10,7,0,3,5
100790,미래에셋벤처투자,KOSDAQ,annual,2,exact,0.0,10,7,0,3,5
100790,미래에셋벤처투자,KOSDAQ,annual,3,exact,0.0,10,7,0,3,5
098460,고영,KOSDAQ,annual,1,exact,9.2,8,2,0,6,3
098460,고영,KOSDAQ,annual,2,exact,0.0,8,2,0,6,3
098460,고영,KOSDAQ,annual,3,exact,0.0,8,2,0,6,3
257720,실리콘투,KOSDAQ,annual,1,exact,8.5,10,6,0,4,6
257720,실리콘투,KOSDAQ,annual,2,exact,0.1,10,6,0,4,6
257720,실리콘투,KOSDAQ,annual,3,exact,0.0,10,6,0,4,6
031980,피에스케이홀딩스,KOSDAQ,annual,1,exact,9.5,8,1,3,4,3
031980,피에스케이홀딩스,KOSDAQ,annual,2,exact,0.0,8,1,3,4,3
031980,피에스케이홀딩스,KOSDAQ,annual,3,exact,0.0,8,1,3,4,3
140410,메지온,KOSDAQ,annual,1,exact,11.5,9,1,0,8,4
140410,메지온,KOSDAQ,annual,2,exact,0.0,9,1,0,8,4
140410,메지온,KOSDAQ,annual,3,exact,0.0,9,1,0,8,4
067310,하나마이크론,KOSDAQ,annual,1,exact,17.1,5,2,0,3,1
067310,하나마이크론,KOSDAQ,annual,2,exact,0.0,5,2,0,3,1
067310,하나마이크론,KOSDAQ,annual,3,exact,0.0,5,2,0,3,1
082920,비츠로셀,KOSDAQ,annual,1,exact,16.4,10,4,0,6,4
082920,비츠로셀,KOSDAQ,annual,2,exact,0.3,10,4,0,6,4
082920,비츠로셀,KOSDAQ,annual,3,exact,0.7,10,4,0,6,4
319660,피에스케이,KOSDAQ,annual,1,exact,25.3,8,1,0,7,4
319660,피에스케이,KOSDAQ,annual,2,exact,0.0,8,1,0,7,4
319660,피에스케이,KOSDAQ,annual,3,exact,0.0,8,1,0,7,4
030530,원익홀딩스,KOSDAQ,annual,1,exact,18.4,7,1,0,6,4
030530,원익홀딩스,KOSDAQ,annual,2,exact,0.0,7,1,0,6,4
030530,원익홀딩스,KOSDAQ,annual,3,exact,0.1,7,1,0,6,4
131970,두산테스나,KOSDAQ,annual,1,exact,18.0,10,8,0,2,8
131970,두산테스나,KOSDAQ,annual,2,exact,0.0,10,8,0,2,8
131970,두산테스나,KOSDAQ,annual,3,exact,0.4,10,8,0,2,8
066430,아이로보틱스,KOSDAQ,extraordinary,1,exact,11.5,10,0,0,10,0
066430,아이로보틱스,KOSDAQ,extraordinary,2,exact,0.0,10,0,0,10,0
066430,아이로보틱스,KOSDAQ,extraordinary,3,exact,0.0,10,0,0,10,0
459510,나우로보틱스,KOSDAQ,extraordinary,1,exact,8.0,1,0,0,1,0
459510,나우로보틱스,KOSDAQ,extraordinary,2,exact,0.0,1,0,0,1,0
459510,나우로보틱스,KOSDAQ,extraordinary,3,exact,0.0,1,0,0,1,0
218410,RFHIC,KOSDAQ,annual,1,exact,14.0,5,1,0,4,0
218410,RFHIC,KOSDAQ,annual,2,exact,0.0,5,1,0,4,0
218410,RFHIC,KOSDAQ,annual,3,exact,0.0,5,1,0,4,0
067170,오텍,KOSDAQ,extraordinary,1,exact,7.5,1,0,0,1,0
067170,오텍,KOSDAQ,extraordinary,2,exact,0.0,1,0,0,1,0
067170,오텍,KOSDAQ,extraordinary,3,exact,0.0,1,0,0,1,0
042040,케이피엠테크,KOSDAQ,extraordinary,1,no_filing,7.3,0,0,0,0,0
042040,케이피엠테크,KOSDAQ,extraordinary,2,no_filing,0.0,0,0,0,0,0
042040,케이피엠테크,KOSDAQ,extraordinary,3,no_filing,0.0,0,0,0,0,0
052690,한전기술,KOSPI,extraordinary,1,exact,4.6,1,0,0,1,0
052690,한전기술,KOSPI,extraordinary,2,exact,0.0,1,0,0,1,0
052690,한전기술,KOSPI,extraordinary,3,exact,0.0,1,0,0,1,0
299660,셀리드,KOSDAQ,extraordinary,1,no_filing,4.5,0,0,0,0,0
299660,셀리드,KOSDAQ,extraordinary,2,no_filing,0.0,0,0,0,0,0
299660,셀리드,KOSDAQ,extraordinary,3,no_filing,0.0,0,0,0,0,0
192250,케이사인,KOSDAQ,extraordinary,1,no_filing,3.0,0,0,0,0,0
192250,케이사인,KOSDAQ,extraordinary,2,no_filing,0.0,0,0,0,0,0
192250,케이사인,KOSDAQ,extraordinary,3,no_filing,0.0,0,0,0,0,0
007720,소노스퀘어,KOSDAQ,extraordinary,1,exact,16.4,3,0,0,3,0
007720,소노스퀘어,KOSDAQ,extraordinary,2,exact,0.0,3,0,0,3,0
007720,소노스퀘어,KOSDAQ,extraordinary,3,exact,0.0,3,0,0,3,0
304100,솔트룩스,KOSDAQ,extraordinary,1,no_filing,3.5,0,0,0,0,0
304100,솔트룩스,KOSDAQ,extraordinary,2,no_filing,0.0,0,0,0,0,0
304100,솔트룩스,KOSDAQ,extraordinary,3,no_filing,0.0,0,0,0,0,0
219750,한국비티비,KOSDAQ,extraordinary,1,no_filing,2.6,0,0,0,0,0
219750,한국비티비,KOSDAQ,extraordinary,2,no_filing,0.0,0,0,0,0,0
219750,한국비티비,KOSDAQ,extraordinary,3,no_filing,0.0,0,0,0,0,0
200230,텔콘RF제약,KOSDAQ,extraordinary,1,no_filing,3.0,0,0,0,0,0
200230,텔콘RF제약,KOSDAQ,extraordinary,2,no_filing,0.0,0,0,0,0,0
200230,텔콘RF제약,KOSDAQ,extraordinary,3,no_filing,0.0,0,0,0,0,0
318000,KBG,KOSDAQ,extraordinary,1,no_filing,3.9,0,0,0,0,0
318000,KBG,KOSDAQ,extraordinary,2,no_filing,0.0,0,0,0,0,0
318000,KBG,KOSDAQ,extraordinary,3,no_filing,0.0,0,0,0,0,0
058110,멕아이씨에스,KOSDAQ,extraordinary,1,no_filing,4.6,0,0,0,0,0
058110,멕아이씨에스,KOSDAQ,extraordinary,2,no_filing,0.0,0,0,0,0,0
058110,멕아이씨에스,KOSDAQ,extraordinary,3,no_filing,0.0,0,0,0,0,0
215480,토박스코리아,KOSDAQ,extraordinary,1,no_filing,4.4,0,0,0,0,0
215480,토박스코리아,KOSDAQ,extraordinary,2,no_filing,0.0,0,0,0,0,0
215480,토박스코리아,KOSDAQ,extraordinary,3,no_filing,0.0,0,0,0,0,0
032080,아즈텍WB,KOSDAQ,extraordinary,1,no_filing,3.3,0,0,0,0,0
032080,아즈텍WB,KOSDAQ,extraordinary,2,no_filing,0.0,0,0,0,0,0
032080,아즈텍WB,KOSDAQ,extraordinary,3,no_filing,0.0,0,0,0,0,0
366030,공구우먼,KOSDAQ,extraordinary,1,no_filing,3.3,0,0,0,0,0
366030,공구우먼,KOSDAQ,extraordinary,2,no_filing,0.0,0,0,0,0,0
366030,공구우먼,KOSDAQ,extraordinary,3,no_filing,0.0,0,0,0,0,0
054180,메디콕스,KOSDAQ,extraordinary,1,exact,6.5,4,0,0,4,0
054180,메디콕스,KOSDAQ,extraordinary,2,exact,0.0,4,0,0,4,0
054180,메디콕스,KOSDAQ,extraordinary,3,exact,0.0,4,0,0,4,0
011000,진원생명과학,KOSPI,extraordinary,1,exact,12.2,10,0,0,10,0
011000,진원생명과학,KOSPI,extraordinary,2,exact,0.0,10,0,0,10,0
011000,진원생명과학,KOSPI,extraordinary,3,exact,0.0,10,0,0,10,0
140070,서플러스글로벌,KOSDAQ,extraordinary,1,no_filing,2.8,0,0,0,0,0
140070,서플러스글로벌,KOSDAQ,extraordinary,2,no_filing,0.0,0,0,0,0,0
140070,서플러스글로벌,KOSDAQ,extraordinary,3,no_filing,0.0,0,0,0,0,0
098660,에스티오,KOSDAQ,extraordinary,1,no_filing,2.9,0,0,0,0,0
098660,에스티오,KOSDAQ,extraordinary,2,no_filing,0.0,0,0,0,0,0
098660,에스티오,KOSDAQ,extraordinary,3,no_filing,0.0,0,0,0,0,0
083450,GST,KOSDAQ,extraordinary,1,no_filing,2.6,0,0,0,0,0
083450,GST,KOSDAQ,extraordinary,2,no_filing,0.0,0,0,0,0,0
083450,GST,KOSDAQ,extraordinary,3,no_filing,0.0,0,0,0,0,0
0030R0,대신밸류리츠,KOSPI,extraordinary,1,no_filing,3.2,0,0,0,0,0
0030R0,대신밸류리츠,KOSPI,extraordinary,2,no_filing,0.0,0,0,0,0,0
0030R0,대신밸류리츠,KOSPI,extraordinary,3,no_filing,0.0,0,0,0,0,0
114840,아이패밀리에스씨,KOSDAQ,extraordinary,1,no_filing,5.1,0,0,0,0,0
114840,아이패밀리에스씨,KOSDAQ,extraordinary,2,no_filing,0.0,0,0,0,0,0
114840,아이패밀리에스씨,KOSDAQ,extraordinary,3,no_filing,0.0,0,0,0,0,0
483650,달바글로벌,KOSPI,extraordinary,1,exact,13.2,2,0,0,2,0
483650,달바글로벌,KOSPI,extraordinary,2,exact,0.0,2,0,0,2,0
483650,달바글로벌,KOSPI,extraordinary,3,exact,0.0,2,0,0,2,0
304840,피플바이오,KOSDAQ,extraordinary,1,no_filing,3.9,0,0,0,0,0
304840,피플바이오,KOSDAQ,extraordinary,2,no_filing,0.0,0,0,0,0,0
304840,피플바이오,KOSDAQ,extraordinary,3,no_filing,0.0,0,0,0,0,0
230360,에코마케팅,KOSDAQ,extraordinary,1,no_filing,2.5,0,0,0,0,0
230360,에코마케팅,KOSDAQ,extraordinary,2,no_filing,0.0,0,0,0,0,0
230360,에코마케팅,KOSDAQ,extraordinary,3,no_filing,0.0,0,0,0,0,0
066790,씨씨에스,KOSDAQ,extraordinary,1,exact,9.2,4,0,0,4,0
066790,씨씨에스,KOSDAQ,extraordinary,2,exact,0.0,4,0,0,4,0
066790,씨씨에스,KOSDAQ,extraordinary,3,exact,0.0,4,0,0,4,0
341170,퓨쳐메디신,OTHER,extraordinary,1,no_filing,2.9,0,0,0,0,0
341170,퓨쳐메디신,OTHER,extraordinary,2,no_filing,0.0,0,0,0,0,0
341170,퓨쳐메디신,OTHER,extraordinary,3,no_filing,0.0,0,0,0,0,0
091970,나노캠텍,KOSDAQ,extraordinary,1,exact,4.2,1,0,0,1,0
091970,나노캠텍,KOSDAQ,extraordinary,2,exact,0.0,1,0,0,1,0
091970,나노캠텍,KOSDAQ,extraordinary,3,exact,0.0,1,0,0,1,0
015590,DKME,KOSPI,extraordinary,1,no_filing,3.3,0,0,0,0,0
015590,DKME,KOSPI,extraordinary,2,no_filing,0.0,0,0,0,0,0
015590,DKME,KOSPI,extraordinary,3,no_filing,0.0,0,0,0,0,0
368770,파이버프로,KOSDAQ,extraordinary,1,no_filing,5.2,0,0,0,0,0
368770,파이버프로,KOSDAQ,extraordinary,2,no_filing,0.0,0,0,0,0,0
368770,파이버프로,KOSDAQ,extraordinary,3,no_filing,0.0,0,0,0,0,0
333620,엔시스,KOSDAQ,extraordinary,1,no_filing,5.7,0,0,0,0,0
333620,엔시스,KOSDAQ,extraordinary,2,no_filing,0.0,0,0,0,0,0
333620,엔시스,KOSDAQ,extraordinary,3,no_filing,0.0,0,0,0,0,0
012160,영흥,KOSPI,extraordinary,1,exact,7.2,1,0,0,1,0
012160,영흥,KOSPI,extraordinary,2,exact,0.0,1,0,0,1,0
012160,영흥,KOSPI,extraordinary,3,exact,0.0,1,0,0,1,0
049080,기가레인,KOSDAQ,extraordinary,1,no_filing,5.3,0,0,0,0,0
049080,기가레인,KOSDAQ,extraordinary,2,no_filing,0.0,0,0,0,0,0
049080,기가레인,KOSDAQ,extraordinary,3,no_filing,0.0,0,0,0,0,0
210120,캔버스엔,KOSDAQ,extraordinary,1,exact,7.9,10,0,0,10,0
210120,캔버스엔,KOSDAQ,extraordinary,2,exact,0.2,10,0,0,10,0
210120,캔버스엔,KOSDAQ,extraordinary,3,exact,0.0,10,0,0,10,0
064090,인크레더블버즈,KOSDAQ,extraordinary,1,exact,5.0,3,0,0,3,0
064090,인크레더블버즈,KOSDAQ,extraordinary,2,exact,0.1,3,0,0,3,0
064090,인크레더블버즈,KOSDAQ,extraordinary,3,exact,0.0,3,0,0,3,0
900300,오가닉티코스메틱,KOSDAQ,extraordinary,1,exact,5.3,2,0,0,2,0
900300,오가닉티코스메틱,KOSDAQ,extraordinary,2,exact,0.0,2,0,0,2,0
900300,오가닉티코스메틱,KOSDAQ,extraordinary,3,exact,0.0,2,0,0,2,0
192440,슈피겐코리아,KOSDAQ,extraordinary,1,no_filing,4.2,0,0,0,0,0
192440,슈피겐코리아,KOSDAQ,extraordinary,2,no_filing,0.0,0,0,0,0,0
192440,슈피겐코리아,KOSDAQ,extraordinary,3,no_filing,0.0,0,0,0,0,0
011200,HMM,KOSPI,extraordinary,1,no_filing,2.6,0,0,0,0,0
011200,HMM,KOSPI,extraordinary,2,no_filing,0.0,0,0,0,0,0
011200,HMM,KOSPI,extraordinary,3,no_filing,0.0,0,0,0,0,0
085670,뉴프렉스,KOSDAQ,extraordinary,1,exact,14.3,1,1,0,0,0
085670,뉴프렉스,KOSDAQ,extraordinary,2,exact,0.0,1,1,0,0,0
085670,뉴프렉스,KOSDAQ,extraordinary,3,exact,0.0,1,1,0,0,0
215100,로보로보,KOSDAQ,extraordinary,1,no_filing,3.1,0,0,0,0,0
215100,로보로보,KOSDAQ,extraordinary,2,no_filing,0.0,0,0,0,0,0
215100,로보로보,KOSDAQ,extraordinary,3,no_filing,0.0,0,0,0,0,0
900270,헝셩그룹,KOSDAQ,extraordinary,1,no_filing,2.7,0,0,0,0,0
900270,헝셩그룹,KOSDAQ,extraordinary,2,no_filing,0.0,0,0,0,0,0
900270,헝셩그룹,KOSDAQ,extraordinary,3,no_filing,0.0,0,0,0,0,0
059210,메타바이오메드,KOSDAQ,extraordinary,1,no_filing,2.8,0,0,0,0,0
059210,메타바이오메드,KOSDAQ,extraordinary,2,no_filing,0.0,0,0,0,0,0
059210,메타바이오메드,KOSDAQ,extraordinary,3,no_filing,0.0,0,0,0,0,0
101670,하이드로리튬,KOSDAQ,extraordinary,1,no_filing,2.9,0,0,0,0,0
101670,하이드로리튬,KOSDAQ,extraordinary,2,no_filing,0.0,0,0,0,0,0
101670,하이드로리튬,KOSDAQ,extraordinary,3,no_filing,0.0,0,0,0,0,0
177900,쓰리에이로직스,KOSDAQ,extraordinary,1,no_filing,2.3,0,0,0,0,0
177900,쓰리에이로직스,KOSDAQ,extraordinary,2,no_filing,0.0,0,0,0,0,0
177900,쓰리에이로직스,KOSDAQ,extraordinary,3,no_filing,0.0,0,0,0,0,0
038870,에코심플렉스,KOSDAQ,extraordinary,1,no_filing,2.6,0,0,0,0,0
038870,에코심플렉스,KOSDAQ,extraordinary,2,no_filing,0.0,0,0,0,0,0
038870,에코심플렉스,KOSDAQ,extraordinary,3,no_filing,0.0,0,0,0,0,0
002200,한국수출포장공업,KOSPI,extraordinary,1,no_filing,3.4,0,0,0,0,0
002200,한국수출포장공업,KOSPI,extraordinary,2,no_filing,0.0,0,0,0,0,0
002200,한국수출포장공업,KOSPI,extraordinary,3,no_filing,0.0,0,0,0,0,0
359090,씨엔알리서치,KOSDAQ,extraordinary,1,no_filing,3.9,0,0,0,0,0
359090,씨엔알리서치,KOSDAQ,extraordinary,2,no_filing,0.0,0,0,0,0,0
359090,씨엔알리서치,KOSDAQ,extraordinary,3,no_filing,0.0,0,0,0,0,0
294090,이오플로우,KOSDAQ,extraordinary,1,exact,5.6,1,0,0,1,0
294090,이오플로우,KOSDAQ,extraordinary,2,exact,0.2,1,0,0,1,0
294090,이오플로우,KOSDAQ,extraordinary,3,exact,0.0,1,0,0,1,0
290660,다이나믹솔루션,KOSDAQ,extraordinary,1,exact,4.6,3,0,0,3,0
290660,다이나믹솔루션,KOSDAQ,extraordinary,2,exact,0.0,3,0,0,3,0
290660,다이나믹솔루션,KOSDAQ,extraordinary,3,exact,0.0,3,0,0,3,0
