ticker,company,market,meeting_type,run_no,status,elapsed_s,agendas,followup_count
000660,SK하이닉스,KOSPI,annual,1,no_filing,16.3,0,0
000660,SK하이닉스,KOSPI,annual,2,no_filing,0.0,0,0
000660,SK하이닉스,KOSPI,annual,3,no_filing,0.0,0,0
005930,삼성전자,KOSPI,annual,1,no_filing,20.1,0,0
005930,삼성전자,KOSPI,annual,2,no_filing,0.0,0,0
005930,삼성전자,KOSPI,annual,3,no_filing,0.0,0,0
005380,현대차,KOSPI,annual,1,no_filing,21.8,0,0
005380,현대차,KOSPI,annual,2,no_filing,0.0,0,0
005380,현대차,KOSPI,annual,3,no_filing,0.0,0,0
373220,LG에너지솔루션,KOSPI,annual,1,no_filing,13.9,0,0
373220,LG에너지솔루션,KOSPI,annual,2,no_filing,0.0,0,0
373220,LG에너지솔루션,KOSPI,annual,3,no_filing,0.0,0,0
402340,SK스퀘어,KOSPI,annual,1,no_filing,17.8,0,0
402340,SK스퀘어,KOSPI,annual,2,no_filing,0.0,0,0
402340,SK스퀘어,KOSPI,annual,3,no_filing,0.0,0,0
207940,삼성바이오로직스,KOSPI,annual,1,no_filing,17.7,0,0
207940,삼성바이오로직스,KOSPI,annual,2,no_filing,0.2,0,0
207940,삼성바이오로직스,KOSPI,annual,3,no_filing,0.0,0,0
012450,한화에어로스페이스,KOSPI,annual,1,no_filing,18.5,0,0
012450,한화에어로스페이스,KOSPI,annual,2,no_filing,0.0,0,0
012450,한화에어로스페이스,KOSPI,annual,3,no_filing,0.0,0,0
034020,두산에너빌리티,KOSPI,annual,1,no_filing,17.5,0,0
034020,두산에너빌리티,KOSPI,annual,2,no_filing,0.0,0,0
034020,두산에너빌리티,KOSPI,annual,3,no_filing,0.0,0,0
000270,기아,KOSPI,annual,1,no_filing,20.9,0,0
000270,기아,KOSPI,annual,2,no_filing,0.0,0,0
000270,기아,KOSPI,annual,3,no_filing,0.0,0,0
105560,KB금융,KOSPI,annual,1,no_filing,17.4,0,0
105560,KB금융,KOSPI,annual,2,no_filing,0.0,0,0
105560,KB금융,KOSPI,annual,3,no_filing,0.0,0,0
329180,HD현대중공업,KOSPI,annual,1,no_filing,18.5,0,0
329180,HD현대중공업,KOSPI,annual,2,no_filing,0.0,0,0
329180,HD현대중공업,KOSPI,annual,3,no_filing,0.0,0,0
028260,삼성물산,KOSPI,annual,1,no_filing,17.9,0,0
028260,삼성물산,KOSPI,annual,2,no_filing,0.0,0,0
028260,삼성물산,KOSPI,annual,3,no_filing,0.0,0,0
032830,삼성생명,KOSPI,annual,1,no_filing,18.6,0,0
032830,삼성생명,KOSPI,annual,2,no_filing,0.0,0,0
032830,삼성생명,KOSPI,annual,3,no_filing,0.0,0,0
068270,셀트리온,KOSPI,annual,1,no_filing,18.2,0,0
068270,셀트리온,KOSPI,annual,2,no_filing,0.0,0,0
068270,셀트리온,KOSPI,annual,3,no_filing,0.0,0,0
055550,신한지주,KOSPI,annual,1,no_filing,24.4,0,0
055550,신한지주,KOSPI,annual,2,no_filing,0.0,0,0
055550,신한지주,KOSPI,annual,3,no_filing,0.0,0,0
012330,현대모비스,KOSPI,annual,1,no_filing,22.1,0,0
042660,한화오션,KOSPI,annual,1,no_filing,30.8,0,0
012330,현대모비스,KOSPI,annual,2,no_filing,1.4,0,0
042660,한화오션,KOSPI,annual,2,no_filing,0.0,0,0
012330,현대모비스,KOSPI,annual,3,no_filing,0.0,0,0
042660,한화오션,KOSPI,annual,3,no_filing,0.0,0,0
006800,M레거시증권,KOSPI,annual,1,no_filing,20.5,0,0
006800,M레거시증권,KOSPI,annual,2,no_filing,0.0,0,0
006800,M레거시증권,KOSPI,annual,3,no_filing,0.0,0,0
035420,NAVER,KOSPI,annual,1,no_filing,13.1,0,0
035420,NAVER,KOSPI,annual,2,no_filing,0.1,0,0
035420,NAVER,KOSPI,annual,3,no_filing,0.0,0,0
267260,HD현대일렉트릭,KOSPI,annual,1,no_filing,16.5,0,0
267260,HD현대일렉트릭,KOSPI,annual,2,no_filing,0.0,0,0
267260,HD현대일렉트릭,KOSPI,annual,3,no_filing,0.0,0,0
009150,삼성전기,KOSPI,annual,1,no_filing,12.2,0,0
009150,삼성전기,KOSPI,annual,2,no_filing,0.3,0,0
009150,삼성전기,KOSPI,annual,3,no_filing,0.0,0,0
010130,고려아연,KOSPI,annual,1,no_filing,11.7,0,0
010130,고려아연,KOSPI,annual,2,no_filing,0.0,0,0
010130,고려아연,KOSPI,annual,3,no_filing,0.0,0,0
015760,한국전력,KOSPI,annual,1,error,0.1,0,0
015760,한국전력,KOSPI,annual,2,error,0.1,0,0
015760,한국전력,KOSPI,annual,3,error,0.1,0,0
006400,삼성SDI,KOSPI,annual,1,no_filing,13.0,0,0
006400,삼성SDI,KOSPI,annual,2,no_filing,0.0,0,0
006400,삼성SDI,KOSPI,annual,3,no_filing,0.0,0,0
086790,하나금융지주,KOSPI,annual,1,no_filing,17.0,0,0
042700,한미반도체,KOSPI,annual,1,no_filing,12.7,0,0
086790,하나금융지주,KOSPI,annual,2,no_filing,0.5,0,0
042700,한미반도체,KOSPI,annual,2,no_filing,0.0,0,0
086790,하나금융지주,KOSPI,annual,3,no_filing,0.0,0,0
042700,한미반도체,KOSPI,annual,3,no_filing,0.0,0,0
005490,POSCO홀딩스,KOSPI,annual,1,no_filing,16.5,0,0
005490,POSCO홀딩스,KOSPI,annual,2,no_filing,0.0,0,0
005490,POSCO홀딩스,KOSPI,annual,3,no_filing,0.0,0,0
010120,LS ELECTRIC,KOSPI,annual,1,no_filing,31.8,0,0
010120,LS ELECTRIC,KOSPI,annual,2,no_filing,0.2,0,0
010120,LS ELECTRIC,KOSPI,annual,3,no_filing,0.0,0,0
009540,HD한국조선해양,KOSPI,annual,1,no_filing,36.9,0,0
009540,HD한국조선해양,KOSPI,annual,2,no_filing,0.0,0,0
009540,HD한국조선해양,KOSPI,annual,3,no_filing,0.0,0,0
034730,SK,KOSPI,annual,1,no_filing,42.5,0,0
034730,SK,KOSPI,annual,2,no_filing,0.0,0,0
034730,SK,KOSPI,annual,3,no_filing,0.0,0,0
298040,효성중공업,KOSPI,annual,1,no_filing,24.5,0,0
298040,효성중공업,KOSPI,annual,2,no_filing,0.0,0,0
298040,효성중공업,KOSPI,annual,3,no_filing,0.0,0,0
272210,한화시스템,KOSPI,annual,1,no_filing,25.7,0,0
272210,한화시스템,KOSPI,annual,2,no_filing,0.0,0,0
272210,한화시스템,KOSPI,annual,3,no_filing,0.0,0,0
000810,삼성화재,KOSPI,annual,1,error,0.1,0,0
000810,삼성화재,KOSPI,annual,2,error,0.1,0,0
000810,삼성화재,KOSPI,annual,3,error,0.1,0,0
316140,우리금융지주,KOSPI,annual,1,no_filing,19.5,0,0
316140,우리금융지주,KOSPI,annual,2,no_filing,0.0,0,0
316140,우리금융지주,KOSPI,annual,3,no_filing,0.0,0,0
010140,삼성중공업,KOSPI,annual,1,no_filing,15.7,0,0
010140,삼성중공업,KOSPI,annual,2,no_filing,0.0,0,0
010140,삼성중공업,KOSPI,annual,3,no_filing,0.0,0,0
035720,카카오,KOSPI,annual,1,no_filing,15.5,0,0
035720,카카오,KOSPI,annual,2,no_filing,0.6,0,0
035720,카카오,KOSPI,annual,3,no_filing,0.4,0,0
051910,LG화학,KOSPI,annual,1,no_filing,20.6,0,0
051910,LG화학,KOSPI,annual,2,no_filing,0.0,0,0
051910,LG화학,KOSPI,annual,3,no_filing,0.0,0,0
267250,HD현대,KOSPI,annual,1,no_filing,24.8,0,0
267250,HD현대,KOSPI,annual,2,no_filing,4.2,0,0
011200,HMM,KOSPI,annual,1,no_filing,21.5,0,0
267250,HD현대,KOSPI,annual,3,no_filing,0.0,0,0
011200,HMM,KOSPI,annual,2,no_filing,0.0,0,0
011200,HMM,KOSPI,annual,3,no_filing,0.0,0,0
024110,기업은행,KOSPI,annual,1,no_filing,17.4,0,0
024110,기업은행,KOSPI,annual,2,no_filing,0.0,0,0
024110,기업은행,KOSPI,annual,3,no_filing,0.0,0,0
064350,현대로템,KOSPI,annual,1,no_filing,15.1,0,0
064350,현대로템,KOSPI,annual,2,no_filing,0.0,0,0
064350,현대로템,KOSPI,annual,3,no_filing,0.0,0,0
096770,SK이노베이션,KOSPI,annual,1,no_filing,17.9,0,0
096770,SK이노베이션,KOSPI,annual,2,no_filing,0.0,0,0
096770,SK이노베이션,KOSPI,annual,3,no_filing,0.0,0,0
066570,LG전자,KOSPI,annual,1,no_filing,12.6,0,0
066570,LG전자,KOSPI,annual,2,no_filing,0.4,0,0
066570,LG전자,KOSPI,annual,3,no_filing,1.1,0,0
138040,메리츠금융지주,KOSPI,annual,1,no_filing,31.4,0,0
138040,메리츠금융지주,KOSPI,annual,2,no_filing,0.0,0,0
138040,메리츠금융지주,KOSPI,annual,3,no_filing,0.0,0,0
033780,KT&G,KOSPI,annual,1,no_filing,35.4,0,0
033780,KT&G,KOSPI,annual,2,no_filing,0.0,0,0
033780,KT&G,KOSPI,annual,3,no_filing,0.0,0,0
000150,두산,KOSPI,annual,1,no_filing,42.1,0,0
000150,두산,KOSPI,annual,2,no_filing,0.4,0,0
000150,두산,KOSPI,annual,3,no_filing,0.0,0,0
003670,포스코퓨처엠,KOSPI,annual,1,no_filing,22.5,0,0
003670,포스코퓨처엠,KOSPI,annual,2,no_filing,0.0,0,0
003670,포스코퓨처엠,KOSPI,annual,3,no_filing,0.0,0,0
000720,현대건설,KOSPI,annual,1,no_filing,30.9,0,0
000720,현대건설,KOSPI,annual,2,no_filing,0.0,0,0
000720,현대건설,KOSPI,annual,3,no_filing,0.0,0,0
047810,한국항공우주,KOSPI,annual,1,no_filing,21.5,0,0
047810,한국항공우주,KOSPI,annual,2,no_filing,0.0,0,0
047810,한국항공우주,KOSPI,annual,3,no_filing,0.0,0,0
086280,현대글로비스,KOSPI,annual,1,no_filing,16.1,0,0
086280,현대글로비스,KOSPI,annual,2,no_filing,0.0,0,0
086280,현대글로비스,KOSPI,annual,3,no_filing,0.0,0,0
017670,SK텔레콤,KOSPI,annual,1,no_filing,22.2,0,0
017670,SK텔레콤,KOSPI,annual,2,no_filing,2.8,0,0
017670,SK텔레콤,KOSPI,annual,3,no_filing,0.0,0,0
030200,KT,KOSPI,annual,1,no_filing,20.9,0,0
030200,KT,KOSPI,annual,2,no_filing,0.8,0,0
030200,KT,KOSPI,annual,3,no_filing,0.6,0,0
079550,LIG넥스원,KOSPI,annual,1,no_filing,25.0,0,0
079550,LIG넥스원,KOSPI,annual,2,no_filing,0.0,0,0
079550,LIG넥스원,KOSPI,annual,3,no_filing,0.0,0,0
047050,포스코인터내셔널,KOSPI,annual,1,no_filing,21.0,0,0
047050,포스코인터내셔널,KOSPI,annual,2,no_filing,0.0,0,0
047050,포스코인터내셔널,KOSPI,annual,3,no_filing,0.0,0,0
003550,LG,KOSPI,annual,1,no_filing,22.3,0,0
003550,LG,KOSPI,annual,2,no_filing,0.0,0,0
003550,LG,KOSPI,annual,3,no_filing,0.0,0,0
352820,하이브,KOSPI,annual,1,no_filing,16.3,0,0
352820,하이브,KOSPI,annual,2,no_filing,0.0,0,0
352820,하이브,KOSPI,annual,3,no_filing,0.0,0,0
005830,DB손해보험,KOSPI,annual,1,no_filing,14.2,0,0
005830,DB손해보험,KOSPI,annual,2,no_filing,0.0,0,0
005830,DB손해보험,KOSPI,annual,3,no_filing,0.0,0,0
010950,S-Oil,KOSPI,annual,1,no_filing,13.6,0,0
010950,S-Oil,KOSPI,annual,2,no_filing,0.0,0,0
010950,S-Oil,KOSPI,annual,3,no_filing,0.0,0,0
005940,NH투자증권,KOSPI,annual,1,no_filing,20.2,0,0
005940,NH투자증권,KOSPI,annual,2,no_filing,0.0,0,0
005940,NH투자증권,KOSPI,annual,3,no_filing,0.0,0,0
278470,에이피알,KOSPI,annual,1,no_filing,30.8,0,0
278470,에이피알,KOSPI,annual,2,no_filing,0.0,0,0
278470,에이피알,KOSPI,annual,3,no_filing,0.0,0,0
071050,한국금융지주,KOSPI,annual,1,no_filing,20.5,0,0
071050,한국금융지주,KOSPI,annual,2,no_filing,0.0,0,0
071050,한국금융지주,KOSPI,annual,3,no_filing,0.0,0,0
018260,삼성에스디에스,KOSPI,annual,1,no_filing,15.3,0,0
018260,삼성에스디에스,KOSPI,annual,2,no_filing,0.0,0,0
018260,삼성에스디에스,KOSPI,annual,3,no_filing,0.0,0,0
323410,카카오뱅크,KOSPI,annual,1,no_filing,15.0,0,0
323410,카카오뱅크,KOSPI,annual,2,no_filing,0.0,0,0
323410,카카오뱅크,KOSPI,annual,3,no_filing,0.0,0,0
039490,키움증권,KOSPI,annual,1,no_filing,22.4,0,0
039490,키움증권,KOSPI,annual,2,no_filing,0.0,0,0
039490,키움증권,KOSPI,annual,3,no_filing,0.0,0,0
307950,현대오토에버,KOSPI,annual,1,no_filing,20.3,0,0
307950,현대오토에버,KOSPI,annual,2,no_filing,0.0,0,0
307950,현대오토에버,KOSPI,annual,3,no_filing,0.0,0,0
259960,크래프톤,KOSPI,annual,1,no_filing,26.7,0,0
259960,크래프톤,KOSPI,annual,2,no_filing,0.0,0,0
259960,크래프톤,KOSPI,annual,3,no_filing,0.0,0,0
003490,대한항공,KOSPI,annual,1,no_filing,16.1,0,0
003490,대한항공,KOSPI,annual,2,no_filing,0.1,0,0
003490,대한항공,KOSPI,annual,3,no_filing,0.0,0,0
007660,이수페타시스,KOSPI,annual,1,no_filing,14.4,0,0
007660,이수페타시스,KOSPI,annual,2,no_filing,0.0,0,0
007660,이수페타시스,KOSPI,annual,3,no_filing,0.0,0,0
006260,LS,KOSPI,annual,1,no_filing,17.5,0,0
006260,LS,KOSPI,annual,2,no_filing,0.0,0,0
006260,LS,KOSPI,annual,3,no_filing,0.0,0,0
016360,삼성증권,KOSPI,annual,1,no_filing,19.0,0,0
016360,삼성증권,KOSPI,annual,2,no_filing,0.0,0,0
016360,삼성증권,KOSPI,annual,3,no_filing,0.0,0,0
003230,삼양식품,KOSPI,annual,1,no_filing,20.6,0,0
003230,삼양식품,KOSPI,annual,2,no_filing,0.0,0,0
003230,삼양식품,KOSPI,annual,3,no_filing,0.0,0,0
090430,아모레퍼시픽,KOSPI,annual,1,no_filing,14.8,0,0
090430,아모레퍼시픽,KOSPI,annual,2,no_filing,0.0,0,0
090430,아모레퍼시픽,KOSPI,annual,3,no_filing,0.0,0,0
180640,한진칼,KOSPI,annual,1,no_filing,19.9,0,0
180640,한진칼,KOSPI,annual,2,no_filing,0.2,0,0
180640,한진칼,KOSPI,annual,3,no_filing,0.0,0,0
377300,카카오페이,KOSPI,annual,1,no_filing,19.7,0,0
377300,카카오페이,KOSPI,annual,2,no_filing,1.6,0,0
377300,카카오페이,KOSPI,annual,3,no_filing,2.2,0,0
000880,한화,KOSPI,annual,1,no_filing,24.7,0,0
000880,한화,KOSPI,annual,2,no_filing,0.0,0,0
000880,한화,KOSPI,annual,3,no_filing,0.0,0,0
009830,한화솔루션,KOSPI,annual,1,no_filing,20.1,0,0
009830,한화솔루션,KOSPI,annual,2,no_filing,0.0,0,0
009830,한화솔루션,KOSPI,annual,3,no_filing,0.0,0,0
443060,HD현대마린솔루션,KOSPI,annual,1,no_filing,18.5,0,0
443060,HD현대마린솔루션,KOSPI,annual,2,no_filing,3.7,0,0
443060,HD현대마린솔루션,KOSPI,annual,3,no_filing,0.0,0,0
000100,유한양행,KOSPI,annual,1,no_filing,20.3,0,0
000100,유한양행,KOSPI,annual,2,no_filing,0.0,0,0
000100,유한양행,KOSPI,annual,3,no_filing,0.0,0,0
326030,SK바이오팜,KOSPI,annual,1,no_filing,26.0,0,0
326030,SK바이오팜,KOSPI,annual,2,no_filing,0.0,0,0
326030,SK바이오팜,KOSPI,annual,3,no_filing,0.0,0,0
047040,대우건설,KOSPI,annual,1,no_filing,23.4,0,0
161390,한국타이어앤테크놀로지,KOSPI,annual,1,no_filing,18.3,0,0
047040,대우건설,KOSPI,annual,2,no_filing,0.0,0,0
161390,한국타이어앤테크놀로지,KOSPI,annual,2,no_filing,0.0,0,0
047040,대우건설,KOSPI,annual,3,no_filing,0.0,0,0
161390,한국타이어앤테크놀로지,KOSPI,annual,3,no_filing,0.0,0,0
028050,삼성E&A,KOSPI,annual,1,no_filing,16.0,0,0
028050,삼성E&A,KOSPI,annual,2,no_filing,0.0,0,0
028050,삼성E&A,KOSPI,annual,3,no_filing,0.0,0,0
029780,삼성카드,KOSPI,annual,1,no_filing,12.7,0,0
029780,삼성카드,KOSPI,annual,2,no_filing,0.0,0,0
029780,삼성카드,KOSPI,annual,3,no_filing,0.0,0,0
011070,LG이노텍,KOSPI,annual,1,no_filing,17.3,0,0
011070,LG이노텍,KOSPI,annual,2,no_filing,1.8,0,0
011070,LG이노텍,KOSPI,annual,3,no_filing,0.1,0,0
128940,한미약품,KOSPI,annual,1,no_filing,21.3,0,0
128940,한미약품,KOSPI,annual,2,no_filing,0.0,0,0
128940,한미약품,KOSPI,annual,3,no_filing,0.0,0,0
032640,LG유플러스,KOSPI,annual,1,no_filing,21.8,0,0
032640,LG유플러스,KOSPI,annual,2,no_filing,0.6,0,0
032640,LG유플러스,KOSPI,annual,3,no_filing,0.0,0,0
078930,GS,KOSPI,annual,1,no_filing,23.2,0,0
078930,GS,KOSPI,annual,2,no_filing,0.0,0,0
078930,GS,KOSPI,annual,3,no_filing,0.0,0,0
052690,한전기술,KOSPI,annual,1,no_filing,19.7,0,0
052690,한전기술,KOSPI,annual,2,no_filing,0.0,0,0
052690,한전기술,KOSPI,annual,3,no_filing,0.0,0,0
064400,LG씨엔에스,KOSPI,annual,1,no_filing,22.1,0,0
064400,LG씨엔에스,KOSPI,annual,2,no_filing,0.0,0,0
064400,LG씨엔에스,KOSPI,annual,3,no_filing,0.0,0,0
034220,LG디스플레이,KOSPI,annual,1,no_filing,18.6,0,0
034220,LG디스플레이,KOSPI,annual,2,no_filing,0.0,0,0
034220,LG디스플레이,KOSPI,annual,3,no_filing,0.0,0,0
241560,두산밥캣,KOSPI,annual,1,no_filing,15.3,0,0
241560,두산밥캣,KOSPI,annual,2,no_filing,0.0,0,0
241560,두산밥캣,KOSPI,annual,3,no_filing,0.0,0,0
001040,CJ,KOSPI,annual,1,no_filing,28.1,0,0
001040,CJ,KOSPI,annual,2,no_filing,0.0,0,0
001040,CJ,KOSPI,annual,3,no_filing,0.0,0,0
454910,두산로보틱스,KOSPI,annual,1,no_filing,12.2,0,0
454910,두산로보틱스,KOSPI,annual,2,no_filing,0.0,0,0
454910,두산로보틱스,KOSPI,annual,3,no_filing,0.0,0,0
175330,JB금융지주,KOSPI,annual,1,no_filing,30.2,0,0
175330,JB금융지주,KOSPI,annual,2,no_filing,0.0,0,0
175330,JB금융지주,KOSPI,annual,3,no_filing,0.0,0,0
138930,BNK금융지주,KOSPI,annual,1,no_filing,49.8,0,0
138930,BNK금융지주,KOSPI,annual,2,no_filing,9.1,0,0
001440,대한전선,KOSPI,annual,1,no_filing,34.1,0,0
138930,BNK금융지주,KOSPI,annual,3,no_filing,0.1,0,0
001440,대한전선,KOSPI,annual,2,no_filing,0.1,0,0
001440,대한전선,KOSPI,annual,3,no_filing,0.0,0,0
021240,코웨이,KOSPI,annual,1,no_filing,15.3,0,0
021240,코웨이,KOSPI,annual,2,no_filing,0.0,0,0
021240,코웨이,KOSPI,annual,3,no_filing,0.0,0,0
271560,오리온,KOSPI,annual,1,no_filing,28.8,0,0
271560,오리온,KOSPI,annual,2,no_filing,0.0,0,0
271560,오리온,KOSPI,annual,3,no_filing,0.0,0,0
022100,포스코DX,KOSPI,annual,1,no_filing,25.7,0,0
022100,포스코DX,KOSPI,annual,2,no_filing,0.0,0,0
022100,포스코DX,KOSPI,annual,3,no_filing,0.0,0,0
086520,에코프로,KOSDAQ,annual,1,no_filing,13.8,0,0
086520,에코프로,KOSDAQ,annual,2,no_filing,0.0,0,0
086520,에코프로,KOSDAQ,annual,3,no_filing,0.0,0,0
036570,엔씨소프트,KOSPI,annual,1,no_filing,19.7,0,0
036570,엔씨소프트,KOSPI,annual,2,no_filing,0.0,0,0
036570,엔씨소프트,KOSPI,annual,3,no_filing,0.0,0,0
247540,에코프로비엠,KOSDAQ,annual,1,no_filing,11.0,0,0
247540,에코프로비엠,KOSDAQ,annual,2,no_filing,0.1,0,0
247540,에코프로비엠,KOSDAQ,annual,3,no_filing,0.0,0,0
196170,알테오젠,KOSDAQ,annual,1,no_filing,8.9,0,0
196170,알테오젠,KOSDAQ,annual,2,no_filing,0.0,0,0
196170,알테오젠,KOSDAQ,annual,3,no_filing,0.0,0,0
277810,레인보우로보틱스,KOSDAQ,annual,1,no_filing,8.1,0,0
277810,레인보우로보틱스,KOSDAQ,annual,2,no_filing,0.0,0,0
277810,레인보우로보틱스,KOSDAQ,annual,3,no_filing,0.0,0,0
058470,리노공업,KOSDAQ,annual,1,no_filing,5.8,0,0
058470,리노공업,KOSDAQ,annual,2,no_filing,0.0,0,0
058470,리노공업,KOSDAQ,annual,3,no_filing,0.0,0,0
000250,삼천당제약,KOSDAQ,annual,1,no_filing,10.6,0,0
000250,삼천당제약,KOSDAQ,annual,2,no_filing,0.0,0,0
000250,삼천당제약,KOSDAQ,annual,3,no_filing,0.0,0,0
950160,코오롱티슈진,KOSDAQ,annual,1,no_filing,13.4,0,0
950160,코오롱티슈진,KOSDAQ,annual,2,no_filing,2.2,0,0
028300,HLB,KOSDAQ,annual,1,no_filing,12.3,0,0
298380,에이비엘바이오,KOSDAQ,annual,1,no_filing,11.3,0,0
950160,코오롱티슈진,KOSDAQ,annual,3,no_filing,0.0,0,0
028300,HLB,KOSDAQ,annual,2,no_filing,0.0,0,0
298380,에이비엘바이오,KOSDAQ,annual,2,no_filing,0.0,0,0
028300,HLB,KOSDAQ,annual,3,no_filing,0.0,0,0
298380,에이비엘바이오,KOSDAQ,annual,3,no_filing,0.0,0,0
141080,리가켐바이오,KOSDAQ,annual,1,no_filing,11.7,0,0
141080,리가켐바이오,KOSDAQ,annual,2,no_filing,0.0,0,0
141080,리가켐바이오,KOSDAQ,annual,3,no_filing,0.0,0,0
036930,주성엔지니어링,KOSDAQ,annual,1,no_filing,16.7,0,0
036930,주성엔지니어링,KOSDAQ,annual,2,no_filing,0.0,0,0
036930,주성엔지니어링,KOSDAQ,annual,3,no_filing,0.0,0,0
087010,펩트론,KOSDAQ,annual,1,no_filing,21.3,0,0
087010,펩트론,KOSDAQ,annual,2,no_filing,0.0,0,0
087010,펩트론,KOSDAQ,annual,3,no_filing,0.0,0,0
240810,원익IPS,KOSDAQ,annual,1,no_filing,6.8,0,0
039030,이오테크닉스,KOSDAQ,annual,1,no_filing,12.4,0,0
240810,원익IPS,KOSDAQ,annual,2,no_filing,1.0,0,0
039030,이오테크닉스,KOSDAQ,annual,2,no_filing,0.5,0,0
240810,원익IPS,KOSDAQ,annual,3,no_filing,0.0,0,0
039030,이오테크닉스,KOSDAQ,annual,3,no_filing,0.0,0,0
214370,케어젠,KOSDAQ,annual,1,no_filing,8.6,0,0
214370,케어젠,KOSDAQ,annual,2,no_filing,0.0,0,0
214370,케어젠,KOSDAQ,annual,3,no_filing,0.2,0,0
095340,ISC,KOSDAQ,annual,1,no_filing,5.8,0,0
095340,ISC,KOSDAQ,annual,2,no_filing,0.0,0,0
095340,ISC,KOSDAQ,annual,3,no_filing,0.0,0,0
310210,보로노이,KOSDAQ,annual,1,no_filing,7.0,0,0
310210,보로노이,KOSDAQ,annual,2,no_filing,0.0,0,0
310210,보로노이,KOSDAQ,annual,3,no_filing,0.0,0,0
108490,로보티즈,KOSDAQ,annual,1,no_filing,14.3,0,0
108490,로보티즈,KOSDAQ,annual,2,no_filing,0.0,0,0
108490,로보티즈,KOSDAQ,annual,3,no_filing,0.0,0,0
403870,HPSP,KOSDAQ,annual,1,no_filing,14.2,0,0
403870,HPSP,KOSDAQ,annual,2,no_filing,0.0,0,0
403870,HPSP,KOSDAQ,annual,3,no_filing,0.0,0,0
440110,파두,KOSDAQ,annual,1,no_filing,18.0,0,0
440110,파두,KOSDAQ,annual,2,no_filing,0.0,0,0
440110,파두,KOSDAQ,annual,3,no_filing,0.0,0,0
032820,우리기술,KOSDAQ,annual,1,no_filing,10.7,0,0
032820,우리기술,KOSDAQ,annual,2,no_filing,0.0,0,0
032820,우리기술,KOSDAQ,annual,3,no_filing,0.0,0,0
263750,펄어비스,KOSDAQ,annual,1,no_filing,11.9,0,0
263750,펄어비스,KOSDAQ,annual,2,no_filing,0.0,0,0
263750,펄어비스,KOSDAQ,annual,3,no_filing,0.0,0,0
214150,클래시스,KOSDAQ,annual,1,no_filing,11.0,0,0
214150,클래시스,KOSDAQ,annual,2,no_filing,0.0,0,0
214150,클래시스,KOSDAQ,annual,3,no_filing,0.0,0,0
357780,솔브레인,KOSDAQ,annual,1,no_filing,11.2,0,0
357780,솔브레인,KOSDAQ,annual,2,no_filing,0.0,0,0
357780,솔브레인,KOSDAQ,annual,3,no_filing,0.0,0,0
178320,서진시스템,KOSDAQ,annual,1,no_filing,12.0,0,0
178320,서진시스템,KOSDAQ,annual,2,no_filing,0.0,0,0
178320,서진시스템,KOSDAQ,annual,3,no_filing,0.0,0,0
226950,올릭스,KOSDAQ,annual,1,no_filing,10.1,0,0
226950,올릭스,KOSDAQ,annual,2,no_filing,0.0,0,0
226950,올릭스,KOSDAQ,annual,3,no_filing,0.0,0,0
064760,티씨케이,KOSDAQ,annual,1,no_filing,7.8,0,0
064760,티씨케이,KOSDAQ,annual,2,no_filing,0.0,0,0
064760,티씨케이,KOSDAQ,annual,3,no_filing,0.0,0,0
214450,파마리서치,KOSDAQ,annual,1,no_filing,6.4,0,0
214450,파마리서치,KOSDAQ,annual,2,no_filing,0.0,0,0
214450,파마리서치,KOSDAQ,annual,3,no_filing,0.0,0,0
319400,현대무벡스,KOSDAQ,annual,1,no_filing,11.5,0,0
319400,현대무벡스,KOSDAQ,annual,2,no_filing,0.0,0,0
319400,현대무벡스,KOSDAQ,annual,3,no_filing,0.0,0,0
347850,디앤디파마텍,KOSDAQ,annual,1,no_filing,7.8,0,0
347850,디앤디파마텍,KOSDAQ,annual,2,no_filing,0.0,0,0
347850,디앤디파마텍,KOSDAQ,annual,3,no_filing,0.0,0,0
237690,에스티팜,KOSDAQ,annual,1,no_filing,11.9,0,0
237690,에스티팜,KOSDAQ,annual,2,no_filing,0.1,0,0
237690,에스티팜,KOSDAQ,annual,3,no_filing,0.0,0,0
222800,심텍,KOSDAQ,annual,1,no_filing,24.9,0,0
222800,심텍,KOSDAQ,annual,2,no_filing,0.0,0,0
222800,심텍,KOSDAQ,annual,3,no_filing,0.0,0,0
145020,휴젤,KOSDAQ,annual,1,no_filing,19.8,0,0
145020,휴젤,KOSDAQ,annual,2,no_filing,0.0,0,0
145020,휴젤,KOSDAQ,annual,3,no_filing,0.0,0,0
083650,비에이치아이,KOSDAQ,annual,1,no_filing,25.6,0,0
083650,비에이치아이,KOSDAQ,annual,2,no_filing,0.0,0,0
083650,비에이치아이,KOSDAQ,annual,3,no_filing,0.0,0,0
043260,성호전자,KOSDAQ,annual,1,no_filing,5.2,0,0
043260,성호전자,KOSDAQ,annual,2,no_filing,0.0,0,0
043260,성호전자,KOSDAQ,annual,3,no_filing,0.0,0,0
005290,동진쎄미켐,KOSDAQ,annual,1,no_filing,18.0,0,0
005290,동진쎄미켐,KOSDAQ,annual,2,no_filing,0.2,0,0
005290,동진쎄미켐,KOSDAQ,annual,3,no_filing,0.0,0,0
084370,유진테크,KOSDAQ,annual,1,no_filing,21.0,0,0
084370,유진테크,KOSDAQ,annual,2,no_filing,0.1,0,0
084370,유진테크,KOSDAQ,annual,3,no_filing,0.0,0,0
100790,M레거시벤처투자,KOSDAQ,annual,1,no_filing,10.4,0,0
100790,M레거시벤처투자,KOSDAQ,annual,2,no_filing,0.0,0,0
100790,M레거시벤처투자,KOSDAQ,annual,3,no_filing,0.0,0,0
058610,에스피지,KOSDAQ,annual,1,no_filing,18.0,0,0
058610,에스피지,KOSDAQ,annual,2,no_filing,0.0,0,0
058610,에스피지,KOSDAQ,annual,3,no_filing,0.0,0,0
098460,고영,KOSDAQ,annual,1,no_filing,19.3,0,0
098460,고영,KOSDAQ,annual,2,no_filing,0.0,0,0
098460,고영,KOSDAQ,annual,3,no_filing,0.0,0,0
257720,실리콘투,KOSDAQ,annual,1,no_filing,11.1,0,0
257720,실리콘투,KOSDAQ,annual,2,no_filing,0.1,0,0
257720,실리콘투,KOSDAQ,annual,3,no_filing,0.0,0,0
140410,메지온,KOSDAQ,annual,1,no_filing,11.8,0,0
140410,메지온,KOSDAQ,annual,2,no_filing,0.0,0,0
140410,메지온,KOSDAQ,annual,3,no_filing,0.0,0,0
031980,피에스케이홀딩스,KOSDAQ,annual,1,no_filing,18.4,0,0
031980,피에스케이홀딩스,KOSDAQ,annual,2,no_filing,0.0,0,0
031980,피에스케이홀딩스,KOSDAQ,annual,3,no_filing,0.0,0,0
067310,하나마이크론,KOSDAQ,annual,1,no_filing,31.0,0,0
067310,하나마이크론,KOSDAQ,annual,2,no_filing,0.0,0,0
067310,하나마이크론,KOSDAQ,annual,3,no_filing,0.0,0,0
082920,비츠로셀,KOSDAQ,annual,1,no_filing,28.8,0,0
082920,비츠로셀,KOSDAQ,annual,2,no_filing,0.2,0,0
082920,비츠로셀,KOSDAQ,annual,3,no_filing,1.2,0,0
319660,피에스케이,KOSDAQ,annual,1,no_filing,27.2,0,0
319660,피에스케이,KOSDAQ,annual,2,no_filing,0.0,0,0
319660,피에스케이,KOSDAQ,annual,3,no_filing,0.0,0,0
131970,두산테스나,KOSDAQ,annual,1,no_filing,20.5,0,0
131970,두산테스나,KOSDAQ,annual,2,no_filing,0.0,0,0
131970,두산테스나,KOSDAQ,annual,3,no_filing,0.0,0,0
030530,원익홀딩스,KOSDAQ,annual,1,no_filing,31.9,0,0
030530,원익홀딩스,KOSDAQ,annual,2,no_filing,0.0,0,0
030530,원익홀딩스,KOSDAQ,annual,3,no_filing,0.0,0,0
218410,RFHIC,KOSDAQ,annual,1,no_filing,26.9,0,0
218410,RFHIC,KOSDAQ,annual,2,no_filing,0.0,0,0
218410,RFHIC,KOSDAQ,annual,3,no_filing,0.0,0,0
459510,나우로보틱스,KOSDAQ,extraordinary,1,no_filing,7.5,0,0
459510,나우로보틱스,KOSDAQ,extraordinary,2,no_filing,0.0,0,0
459510,나우로보틱스,KOSDAQ,extraordinary,3,no_filing,0.0,0,0
066430,아이로보틱스,KOSDAQ,extraordinary,1,no_filing,14.6,0,0
066430,아이로보틱스,KOSDAQ,extraordinary,2,no_filing,0.3,0,0
066430,아이로보틱스,KOSDAQ,extraordinary,3,no_filing,0.1,0,0
067170,오텍,KOSDAQ,extraordinary,1,no_filing,12.9,0,0
067170,오텍,KOSDAQ,extraordinary,2,no_filing,0.4,0,0
067170,오텍,KOSDAQ,extraordinary,3,no_filing,0.0,0,0
042040,케이피엠테크,KOSDAQ,extraordinary,1,no_filing,9.6,0,0
042040,케이피엠테크,KOSDAQ,extraordinary,2,no_filing,0.1,0,0
042040,케이피엠테크,KOSDAQ,extraordinary,3,no_filing,0.0,0,0
052690,한전기술,KOSPI,extraordinary,1,no_filing,8.4,0,0
052690,한전기술,KOSPI,extraordinary,2,no_filing,0.0,0,0
052690,한전기술,KOSPI,extraordinary,3,no_filing,0.0,0,0
299660,셀리드,KOSDAQ,extraordinary,1,no_filing,8.2,0,0
299660,셀리드,KOSDAQ,extraordinary,2,no_filing,0.1,0,0
299660,셀리드,KOSDAQ,extraordinary,3,no_filing,0.0,0,0
304100,솔트룩스,KOSDAQ,extraordinary,1,no_filing,5.7,0,0
304100,솔트룩스,KOSDAQ,extraordinary,2,no_filing,0.0,0,0
304100,솔트룩스,KOSDAQ,extraordinary,3,no_filing,0.0,0,0
192250,케이사인,KOSDAQ,extraordinary,1,no_filing,7.8,0,0
192250,케이사인,KOSDAQ,extraordinary,2,no_filing,0.0,0,0
192250,케이사인,KOSDAQ,extraordinary,3,no_filing,0.0,0,0
007720,소노스퀘어,KOSDAQ,extraordinary,1,no_filing,35.2,0,0
007720,소노스퀘어,KOSDAQ,extraordinary,2,no_filing,0.0,0,0
007720,소노스퀘어,KOSDAQ,extraordinary,3,no_filing,0.0,0,0
318000,KBG,KOSDAQ,extraordinary,1,no_filing,8.2,0,0
318000,KBG,KOSDAQ,extraordinary,2,no_filing,0.0,0,0
318000,KBG,KOSDAQ,extraordinary,3,no_filing,0.0,0,0
219750,한국비티비,KOSDAQ,extraordinary,1,no_filing,8.5,0,0
219750,한국비티비,KOSDAQ,extraordinary,2,no_filing,0.3,0,0
200230,텔콘RF제약,KOSDAQ,extraordinary,1,no_filing,8.6,0,0
219750,한국비티비,KOSDAQ,extraordinary,3,no_filing,0.4,0,0
200230,텔콘RF제약,KOSDAQ,extraordinary,2,no_filing,0.0,0,0
200230,텔콘RF제약,KOSDAQ,extraordinary,3,no_filing,0.0,0,0
215480,토박스코리아,KOSDAQ,extraordinary,1,no_filing,6.7,0,0
215480,토박스코리아,KOSDAQ,extraordinary,2,no_filing,0.2,0,0
215480,토박스코리아,KOSDAQ,extraordinary,3,no_filing,0.0,0,0
058110,멕아이씨에스,KOSDAQ,extraordinary,1,no_filing,9.7,0,0
058110,멕아이씨에스,KOSDAQ,extraordinary,2,no_filing,0.0,0,0
058110,멕아이씨에스,KOSDAQ,extraordinary,3,no_filing,0.0,0,0
011000,진원생명과학,KOSPI,extraordinary,1,no_filing,20.6,0,0
011000,진원생명과학,KOSPI,extraordinary,2,no_filing,0.0,0,0
011000,진원생명과학,KOSPI,extraordinary,3,no_filing,0.0,0,0
032080,아즈텍WB,KOSDAQ,extraordinary,1,no_filing,9.0,0,0
032080,아즈텍WB,KOSDAQ,extraordinary,2,no_filing,0.1,0,0
032080,아즈텍WB,KOSDAQ,extraordinary,3,no_filing,0.0,0,0
054180,메디콕스,KOSDAQ,extraordinary,1,no_filing,9.5,0,0
054180,메디콕스,KOSDAQ,extraordinary,2,no_filing,0.0,0,0
054180,메디콕스,KOSDAQ,extraordinary,3,no_filing,0.0,0,0
366030,공구우먼,KOSDAQ,extraordinary,1,no_filing,10.4,0,0
366030,공구우먼,KOSDAQ,extraordinary,2,no_filing,0.0,0,0
366030,공구우먼,KOSDAQ,extraordinary,3,no_filing,0.0,0,0
140070,서플러스글로벌,KOSDAQ,extraordinary,1,no_filing,7.8,0,0
140070,서플러스글로벌,KOSDAQ,extraordinary,2,no_filing,0.0,0,0
140070,서플러스글로벌,KOSDAQ,extraordinary,3,no_filing,0.0,0,0
483650,달바글로벌,KOSPI,extraordinary,1,no_filing,16.3,0,0
483650,달바글로벌,KOSPI,extraordinary,2,no_filing,0.1,0,0
483650,달바글로벌,KOSPI,extraordinary,3,no_filing,0.0,0,0
083450,GST,KOSDAQ,extraordinary,1,no_filing,7.8,0,0
083450,GST,KOSDAQ,extraordinary,2,no_filing,0.3,0,0
083450,GST,KOSDAQ,extraordinary,3,no_filing,0.3,0,0
098660,에스티오,KOSDAQ,extraordinary,1,no_filing,10.9,0,0
098660,에스티오,KOSDAQ,extraordinary,2,no_filing,0.0,0,0
098660,에스티오,KOSDAQ,extraordinary,3,no_filing,0.0,0,0
0030R0,대신밸류리츠,KOSPI,extraordinary,1,no_filing,10.5,0,0
0030R0,대신밸류리츠,KOSPI,extraordinary,2,no_filing,0.0,0,0
0030R0,대신밸류리츠,KOSPI,extraordinary,3,no_filing,0.0,0,0
114840,아이패밀리에스씨,KOSDAQ,extraordinary,1,no_filing,10.7,0,0
114840,아이패밀리에스씨,KOSDAQ,extraordinary,2,no_filing,0.0,0,0
114840,아이패밀리에스씨,KOSDAQ,extraordinary,3,no_filing,0.0,0,0
304840,피플바이오,KOSDAQ,extraordinary,1,no_filing,8.3,0,0
304840,피플바이오,KOSDAQ,extraordinary,2,no_filing,0.0,0,0
304840,피플바이오,KOSDAQ,extraordinary,3,no_filing,0.0,0,0
066790,씨씨에스,KOSDAQ,extraordinary,1,no_filing,19.7,0,0
066790,씨씨에스,KOSDAQ,extraordinary,2,no_filing,0.0,0,0
066790,씨씨에스,KOSDAQ,extraordinary,3,no_filing,0.0,0,0
091970,나노캠텍,KOSDAQ,extraordinary,1,no_filing,6.8,0,0
091970,나노캠텍,KOSDAQ,extraordinary,2,no_filing,0.0,0,0
091970,나노캠텍,KOSDAQ,extraordinary,3,no_filing,0.0,0,0
230360,에코마케팅,KOSDAQ,extraordinary,1,no_filing,14.9,0,0
230360,에코마케팅,KOSDAQ,extraordinary,2,no_filing,0.0,0,0
230360,에코마케팅,KOSDAQ,extraordinary,3,no_filing,0.0,0,0
341170,퓨쳐메디신,OTHER,extraordinary,1,no_filing,5.8,0,0
341170,퓨쳐메디신,OTHER,extraordinary,2,no_filing,0.0,0,0
341170,퓨쳐메디신,OTHER,extraordinary,3,no_filing,0.0,0,0
015590,DKME,KOSPI,extraordinary,1,no_filing,11.8,0,0
015590,DKME,KOSPI,extraordinary,2,no_filing,0.0,0,0
015590,DKME,KOSPI,extraordinary,3,no_filing,0.0,0,0
333620,엔시스,KOSDAQ,extraordinary,1,no_filing,13.3,0,0
333620,엔시스,KOSDAQ,extraordinary,2,no_filing,0.0,0,0
333620,엔시스,KOSDAQ,extraordinary,3,no_filing,0.0,0,0
368770,파이버프로,KOSDAQ,extraordinary,1,no_filing,13.0,0,0
012160,영흥,KOSPI,extraordinary,1,no_filing,21.7,0,0
368770,파이버프로,KOSDAQ,extraordinary,2,no_filing,4.5,0,0
012160,영흥,KOSPI,extraordinary,2,no_filing,0.0,0,0
368770,파이버프로,KOSDAQ,extraordinary,3,no_filing,0.0,0,0
012160,영흥,KOSPI,extraordinary,3,no_filing,0.0,0,0
049080,기가레인,KOSDAQ,extraordinary,1,no_filing,8.4,0,0
210120,캔버스엔,KOSDAQ,extraordinary,1,no_filing,18.5,0,0
049080,기가레인,KOSDAQ,extraordinary,2,no_filing,0.0,0,0
210120,캔버스엔,KOSDAQ,extraordinary,2,no_filing,0.0,0,0
049080,기가레인,KOSDAQ,extraordinary,3,no_filing,0.0,0,0
210120,캔버스엔,KOSDAQ,extraordinary,3,no_filing,0.0,0,0
064090,인크레더블버즈,KOSDAQ,extraordinary,1,no_filing,6.5,0,0
064090,인크레더블버즈,KOSDAQ,extraordinary,2,no_filing,0.0,0,0
064090,인크레더블버즈,KOSDAQ,extraordinary,3,no_filing,0.2,0,0
900300,오가닉티코스메틱,KOSDAQ,extraordinary,1,no_filing,7.3,0,0
900300,오가닉티코스메틱,KOSDAQ,extraordinary,2,no_filing,0.0,0,0
900300,오가닉티코스메틱,KOSDAQ,extraordinary,3,no_filing,0.0,0,0
011200,HMM,KOSPI,extraordinary,1,no_filing,1.2,0,0
085670,뉴프렉스,KOSDAQ,extraordinary,1,no_filing,17.2,0,0
011200,HMM,KOSPI,extraordinary,2,no_filing,0.3,0,0
085670,뉴프렉스,KOSDAQ,extraordinary,2,no_filing,0.0,0,0
011200,HMM,KOSPI,extraordinary,3,no_filing,0.0,0,0
085670,뉴프렉스,KOSDAQ,extraordinary,3,no_filing,0.0,0,0
215100,로보로보,KOSDAQ,extraordinary,1,no_filing,8.2,0,0
215100,로보로보,KOSDAQ,extraordinary,2,no_filing,0.0,0,0
215100,로보로보,KOSDAQ,extraordinary,3,no_filing,0.0,0,0
059210,메타바이오메드,KOSDAQ,extraordinary,1,no_filing,10.3,0,0
059210,메타바이오메드,KOSDAQ,extraordinary,2,no_filing,0.1,0,0
059210,메타바이오메드,KOSDAQ,extraordinary,3,no_filing,0.0,0,0
192440,슈피겐코리아,KOSDAQ,extraordinary,1,no_filing,13.7,0,0
192440,슈피겐코리아,KOSDAQ,extraordinary,2,no_filing,0.1,0,0
192440,슈피겐코리아,KOSDAQ,extraordinary,3,no_filing,0.0,0,0
101670,하이드로리튬,KOSDAQ,extraordinary,1,no_filing,7.0,0,0
101670,하이드로리튬,KOSDAQ,extraordinary,2,no_filing,0.0,0,0
101670,하이드로리튬,KOSDAQ,extraordinary,3,no_filing,0.0,0,0
038870,에코심플렉스,KOSDAQ,extraordinary,1,no_filing,6.4,0,0
038870,에코심플렉스,KOSDAQ,extraordinary,2,no_filing,0.0,0,0
038870,에코심플렉스,KOSDAQ,extraordinary,3,no_filing,0.0,0,0
900270,헝셩그룹,KOSDAQ,extraordinary,1,no_filing,11.7,0,0
900270,헝셩그룹,KOSDAQ,extraordinary,2,no_filing,0.0,0,0
900270,헝셩그룹,KOSDAQ,extraordinary,3,no_filing,0.0,0,0
177900,쓰리에이로직스,KOSDAQ,extraordinary,1,no_filing,6.0,0,0
177900,쓰리에이로직스,KOSDAQ,extraordinary,2,no_filing,0.0,0,0
177900,쓰리에이로직스,KOSDAQ,extraordinary,3,no_filing,0.0,0,0
002200,한국수출포장공업,KOSPI,extraordinary,1,no_filing,8.8,0,0
002200,한국수출포장공업,KOSPI,extraordinary,2,no_filing,0.0,0,0
002200,한국수출포장공업,KOSPI,extraordinary,3,no_filing,0.0,0,0
294090,이오플로우,KOSDAQ,extraordinary,1,no_filing,8.8,0,0
294090,이오플로우,KOSDAQ,extraordinary,2,no_filing,0.0,0,0
294090,이오플로우,KOSDAQ,extraordinary,3,no_filing,0.0,0,0
359090,씨엔알리서치,KOSDAQ,extraordinary,1,no_filing,9.0,0,0
359090,씨엔알리서치,KOSDAQ,extraordinary,2,no_filing,0.0,0,0
359090,씨엔알리서치,KOSDAQ,extraordinary,3,no_filing,0.0,0,0
290660,다이나믹솔루션,KOSDAQ,extraordinary,1,no_filing,8.5,0,0
290660,다이나믹솔루션,KOSDAQ,extraordinary,2,no_filing,0.0,0,0
290660,다이나믹솔루션,KOSDAQ,extraordinary,3,no_filing,0.0,0,0
