ticker,company,agenda_category,our_decision,majority_decision,majority_strength,alignment,status
000660,SK하이닉스,financial_statements,FOR,FOR,5/7,follows_consensus,exact
000660,SK하이닉스,director_election,FOR,FOR,56/58,follows_consensus,exact
000660,SK하이닉스,director_compensation,FOR,FOR,26/26,follows_consensus,exact
005930,삼성전자,financial_statements,FOR,FOR,6/8,follows_consensus,exact
005930,삼성전자,director_election,FOR,FOR,33/55,follows_consensus,exact
005380,현대차,financial_statements,FOR,FOR,3/3,follows_consensus,exact
005380,현대차,articles_amendment,FOR,FOR,22/22,follows_consensus,exact
005380,현대차,other,FOR,,,no_data,exact
005380,현대차,cash_dividend,FOR,FOR,3/3,follows_consensus,exact
005380,현대차,director_election,FOR,FOR,26/26,follows_consensus,exact
402340,SK스퀘어,financial_statements,FOR,FOR,7/7,follows_consensus,exact
402340,SK스퀘어,director_election,FOR,FOR,35/38,follows_consensus,exact
402340,SK스퀘어,audit_committee_election,FOR,FOR,23/25,follows_consensus,exact
402340,SK스퀘어,director_compensation,FOR,FOR,17/18,follows_consensus,exact
373220,LG에너지솔루션,financial_statements,FOR,FOR,5/6,follows_consensus,exact
373220,LG에너지솔루션,director_election,FOR,FOR,28/30,follows_consensus,exact
373220,LG에너지솔루션,director_compensation,FOR,FOR,15/15,follows_consensus,exact
207940,삼성바이오로직스,financial_statements,FOR,FOR,4/7,follows_consensus,exact
207940,삼성바이오로직스,articles_amendment,FOR,FOR,12/17,follows_consensus,exact
207940,삼성바이오로직스,director_election,FOR,FOR,16/30,follows_consensus,exact
207940,삼성바이오로직스,audit_committee_election,FOR,FOR,13/23,follows_consensus,exact
207940,삼성바이오로직스,director_compensation,FOR,FOR,10/17,follows_consensus,exact
012450,한화에어로스페이스,financial_statements,FOR,FOR,7/7,follows_consensus,exact
012450,한화에어로스페이스,articles_amendment,FOR,FOR,71/71,follows_consensus,exact
012450,한화에어로스페이스,other,FOR,FOR,2/2,follows_consensus,exact
012450,한화에어로스페이스,director_election,FOR,FOR,50/52,follows_consensus,exact
034020,두산에너빌리티,financial_statements,FOR,FOR,7/7,follows_consensus,exact
034020,두산에너빌리티,director_election,FOR,FOR,17/24,follows_consensus,exact
034020,두산에너빌리티,audit_committee_election,FOR,FOR,19/19,follows_consensus,exact
034020,두산에너빌리티,director_compensation,FOR,AGAINST,8/14,weak_consensus_aligned,exact
000270,기아,financial_statements,FOR,FOR,8/8,follows_consensus,exact
000270,기아,articles_amendment,FOR,FOR,42/42,follows_consensus,exact
000270,기아,director_election,FOR,FOR,50/50,follows_consensus,exact
000270,기아,director_compensation,FOR,FOR,15/19,follows_consensus,exact
028260,삼성물산,financial_statements,FOR,FOR,7/8,follows_consensus,exact
028260,삼성물산,articles_amendment,FOR,FOR,32/44,follows_consensus,exact
028260,삼성물산,other,FOR,,,no_data,exact
028260,삼성물산,director_compensation,FOR,FOR,12/17,follows_consensus,exact
329180,HD현대중공업,financial_statements,FOR,FOR,5/5,follows_consensus,exact
329180,HD현대중공업,director_election,FOR,FOR,12/17,follows_consensus,exact
329180,HD현대중공업,director_compensation,FOR,FOR,10/10,follows_consensus,exact
105560,KB금융,financial_statements,FOR,FOR,1/1,follows_consensus,exact
105560,KB금융,articles_amendment,FOR,FOR,10/10,follows_consensus,exact
105560,KB금융,director_election,FOR,FOR,56/57,follows_consensus,exact
105560,KB금융,other,FOR,FOR,20/20,follows_consensus,exact
032830,삼성생명,financial_statements,FOR,FOR,1/1,follows_consensus,exact
032830,삼성생명,articles_amendment,FOR,FOR,12/16,follows_consensus,exact
032830,삼성생명,director_election,FOR,FOR,18/27,follows_consensus,exact
032830,삼성생명,audit_committee_election,FOR,FOR,11/19,follows_consensus,exact
068270,셀트리온,financial_statements,FOR,FOR,8/8,follows_consensus,exact
068270,셀트리온,other,FOR,FOR,8/8,follows_consensus,exact
068270,셀트리온,director_election,FOR,FOR,53/70,follows_consensus,exact
068270,셀트리온,director_compensation,FOR,FOR,22/26,follows_consensus,exact
055550,신한지주,financial_statements,FOR,FOR,8/8,follows_consensus,exact
055550,신한지주,articles_amendment,FOR,FOR,15/15,follows_consensus,exact
055550,신한지주,director_election,FOR,FOR,92/97,follows_consensus,exact
055550,신한지주,other,FOR,FOR,16/25,follows_consensus,exact
012330,현대모비스,financial_statements,FOR,FOR,11/11,follows_consensus,exact
012330,현대모비스,cash_dividend,FOR,FOR,25/25,follows_consensus,exact
012330,현대모비스,director_election,FOR,FOR,59/65,follows_consensus,exact
012330,현대모비스,audit_committee_election,FOR,FOR,35/37,follows_consensus,exact
012330,현대모비스,director_compensation,FOR,FOR,18/18,follows_consensus,exact
012330,현대모비스,articles_amendment,FOR,FOR,41/41,follows_consensus,exact
042660,한화오션,financial_statements,FOR,FOR,5/6,follows_consensus,exact
042660,한화오션,articles_amendment,FOR,FOR,49/53,follows_consensus,exact
042660,한화오션,cash_dividend,FOR,FOR,5/5,follows_consensus,exact
042660,한화오션,other,FOR,,,no_data,exact
042660,한화오션,director_election,FOR,FOR,38/42,follows_consensus,exact
006800,M레거시증권,financial_statements,FOR,FOR,1/2,follows_consensus,exact
006800,M레거시증권,director_election,FOR,FOR,30/47,follows_consensus,exact
006800,M레거시증권,audit_committee_election,FOR,FOR,21/30,follows_consensus,exact
267260,HD현대일렉트릭,financial_statements,FOR,FOR,4/4,follows_consensus,exact
267260,HD현대일렉트릭,director_election,FOR,FOR,13/13,follows_consensus,exact
267260,HD현대일렉트릭,director_compensation,FOR,FOR,9/9,follows_consensus,exact
035420,NAVER,financial_statements,FOR,FOR,5/5,follows_consensus,exact
035420,NAVER,director_election,FOR,FOR,29/29,follows_consensus,exact
035420,NAVER,audit_committee_election,FOR,FOR,28/31,follows_consensus,exact
009150,삼성전기,financial_statements,FOR,FOR,5/6,follows_consensus,exact
009150,삼성전기,director_election,FOR,FOR,19/24,follows_consensus,exact
009150,삼성전기,director_compensation,FOR,FOR,11/14,follows_consensus,exact
009150,삼성전기,articles_amendment,FOR,FOR,12/15,follows_consensus,exact
010130,고려아연,financial_statements,FOR,FOR,6/6,follows_consensus,exact
010130,고려아연,articles_amendment,FOR,FOR,86/97,follows_consensus,exact
010130,고려아연,director_election,FOR,AGAINST,170/344,weak_consensus_aligned,exact
010130,고려아연,audit_committee_election,FOR,FOR,19/25,follows_consensus,exact
010130,고려아연,director_compensation,FOR,FOR,13/15,follows_consensus,exact
006400,삼성SDI,financial_statements,FOR,FOR,4/8,follows_consensus,exact
006400,삼성SDI,director_election,FOR,FOR,19/29,follows_consensus,exact
006400,삼성SDI,director_compensation,FOR,FOR,10/17,follows_consensus,exact
006400,삼성SDI,articles_amendment,FOR,FOR,23/34,follows_consensus,exact
042700,한미반도체,financial_statements,FOR,FOR,8/8,follows_consensus,exact
042700,한미반도체,cash_dividend,FOR,FOR,5/5,follows_consensus,exact
042700,한미반도체,director_election,FOR,FOR,12/12,follows_consensus,exact
042700,한미반도체,director_compensation,FOR,FOR,12/20,follows_consensus,exact
086790,하나금융지주,financial_statements,FOR,FOR,9/9,follows_consensus,exact
086790,하나금융지주,articles_amendment,FOR,FOR,12/12,follows_consensus,exact
086790,하나금융지주,director_election,FOR,FOR,132/139,follows_consensus,exact
005490,POSCO홀딩스,financial_statements,FOR,FOR,5/5,follows_consensus,exact
005490,POSCO홀딩스,articles_amendment,FOR,FOR,43/43,follows_consensus,exact
005490,POSCO홀딩스,other,FOR,,,no_data,exact
005490,POSCO홀딩스,director_election,FOR,FOR,75/79,follows_consensus,exact
005490,POSCO홀딩스,cash_dividend,FOR,FOR,9/9,follows_consensus,exact
010120,LS ELECTRIC,financial_statements,FOR,FOR,3/3,follows_consensus,exact
010120,LS ELECTRIC,articles_amendment,FOR,FOR,14/16,follows_consensus,exact
010120,LS ELECTRIC,director_election,FOR,FOR,7/8,follows_consensus,exact
010120,LS ELECTRIC,audit_committee_election,FOR,FOR,5/5,follows_consensus,exact
010120,LS ELECTRIC,director_compensation,FOR,FOR,4/5,follows_consensus,exact
009540,HD한국조선해양,financial_statements,FOR,FOR,5/5,follows_consensus,exact
009540,HD한국조선해양,director_election,FOR,FOR,23/23,follows_consensus,exact
009540,HD한국조선해양,audit_committee_election,FOR,FOR,17/18,follows_consensus,exact
009540,HD한국조선해양,director_compensation,FOR,FOR,11/13,follows_consensus,exact
298040,효성중공업,financial_statements,FOR,FOR,5/5,follows_consensus,exact
298040,효성중공업,director_election,FOR,FOR,34/42,follows_consensus,exact
298040,효성중공업,audit_committee_election,FOR,FOR,19/23,follows_consensus,exact
298040,효성중공업,director_compensation,FOR,FOR,12/12,follows_consensus,exact
034730,SK,financial_statements,FOR,FOR,5/5,follows_consensus,exact
034730,SK,director_election,FOR,FOR,17/26,follows_consensus,exact
034730,SK,director_compensation,FOR,FOR,19/20,follows_consensus,exact
010140,삼성중공업,financial_statements,FOR,FOR,5/6,follows_consensus,exact
010140,삼성중공업,articles_amendment,FOR,FOR,15/21,follows_consensus,exact
010140,삼성중공업,director_election,FOR,FOR,14/22,follows_consensus,exact
010140,삼성중공업,audit_committee_election,FOR,FOR,12/18,follows_consensus,exact
010140,삼성중공업,director_compensation,FOR,FOR,9/13,follows_consensus,exact
272210,한화시스템,financial_statements,FOR,FOR,2/2,follows_consensus,exact
272210,한화시스템,articles_amendment,FOR,FOR,22/26,follows_consensus,exact
272210,한화시스템,other,FOR,,,no_data,exact
272210,한화시스템,cash_dividend,FOR,FOR,6/6,follows_consensus,exact
272210,한화시스템,director_election,FOR,FOR,17/17,follows_consensus,exact
316140,우리금융지주,financial_statements,FOR,FOR,7/9,follows_consensus,exact
316140,우리금융지주,articles_amendment,FOR,FOR,9/11,follows_consensus,exact
316140,우리금융지주,other,FOR,FOR,4/5,follows_consensus,exact
316140,우리금융지주,director_election,FOR,FOR,47/64,follows_consensus,exact
035720,카카오,financial_statements,FOR,AGAINST,2/3,aligns_with_outlier,exact
035720,카카오,articles_amendment,FOR,FOR,50/50,follows_consensus,exact
035720,카카오,other,FOR,FOR,7/8,follows_consensus,exact
035720,카카오,director_election,FOR,FOR,43/44,follows_consensus,exact
051910,LG화학,financial_statements,FOR,FOR,7/8,follows_consensus,exact
051910,LG화학,articles_amendment,FOR,FOR,61/65,follows_consensus,exact
051910,LG화학,director_election,FOR,FOR,35/37,follows_consensus,exact
051910,LG화학,audit_committee_election,FOR,FOR,25/25,follows_consensus,exact
267250,HD현대,financial_statements,FOR,FOR,6/6,follows_consensus,exact
267250,HD현대,director_election,FOR,FOR,11/11,follows_consensus,exact
267250,HD현대,director_compensation,FOR,FOR,10/11,follows_consensus,exact
011200,HMM,financial_statements,FOR,FOR,2/2,follows_consensus,exact
011200,HMM,director_election,FOR,FOR,21/23,follows_consensus,exact
011200,HMM,director_compensation,FOR,FOR,11/11,follows_consensus,exact
064350,현대로템,financial_statements,FOR,FOR,4/6,follows_consensus,exact
064350,현대로템,director_election,FOR,FOR,23/24,follows_consensus,exact
064350,현대로템,audit_committee_election,FOR,FOR,8/9,follows_consensus,exact
064350,현대로템,director_compensation,FOR,FOR,12/12,follows_consensus,exact
024110,기업은행,financial_statements,FOR,FOR,3/3,follows_consensus,exact
024110,기업은행,articles_amendment,FOR,FOR,6/6,follows_consensus,exact
024110,기업은행,director_compensation,FOR,FOR,14/14,follows_consensus,exact
096770,SK이노베이션,financial_statements,FOR,FOR,7/7,follows_consensus,exact
096770,SK이노베이션,director_election,FOR,FOR,40/44,follows_consensus,exact
096770,SK이노베이션,audit_committee_election,FOR,FOR,22/22,follows_consensus,exact
096770,SK이노베이션,director_compensation,FOR,FOR,17/17,follows_consensus,exact
066570,LG전자,financial_statements,FOR,FOR,4/4,follows_consensus,exact
066570,LG전자,articles_amendment,FOR,FOR,34/34,follows_consensus,exact
066570,LG전자,director_election,FOR,FOR,29/29,follows_consensus,exact
066570,LG전자,audit_committee_election,FOR,FOR,19/19,follows_consensus,exact
138040,메리츠금융지주,financial_statements,FOR,FOR,5/5,follows_consensus,exact
138040,메리츠금융지주,articles_amendment,FOR,FOR,13/13,follows_consensus,exact
138040,메리츠금융지주,director_election,FOR,FOR,23/25,follows_consensus,exact
138040,메리츠금융지주,director_compensation,FOR,FOR,12/13,follows_consensus,exact
033780,KT&G,financial_statements,FOR,FOR,2/2,follows_consensus,exact
033780,KT&G,articles_amendment,FOR,FOR,26/26,follows_consensus,exact
033780,KT&G,other,FOR,,,no_data,exact
033780,KT&G,audit_committee_election,FOR,FOR,7/8,follows_consensus,exact
033780,KT&G,director_election,FOR,FOR,10/12,follows_consensus,exact
033780,KT&G,cash_dividend,FOR,FOR,3/3,follows_consensus,exact
000720,현대건설,financial_statements,FOR,FOR,5/5,follows_consensus,exact
000720,현대건설,articles_amendment,FOR,FOR,28/28,follows_consensus,exact
000720,현대건설,director_election,FOR,FOR,37/37,follows_consensus,exact
000720,현대건설,audit_committee_election,FOR,FOR,17/17,follows_consensus,exact
000720,현대건설,director_compensation,FOR,FOR,13/13,follows_consensus,exact
000150,두산,financial_statements,FOR,FOR,6/6,follows_consensus,exact
000150,두산,director_election,FOR,FOR,15/16,follows_consensus,exact
000150,두산,audit_committee_election,FOR,FOR,14/15,follows_consensus,exact
000150,두산,director_compensation,FOR,AGAINST,6/11,weak_consensus_aligned,exact
003670,포스코퓨처엠,financial_statements,FOR,FOR,5/5,follows_consensus,exact
003670,포스코퓨처엠,director_election,FOR,FOR,56/58,follows_consensus,exact
003670,포스코퓨처엠,audit_committee_election,FOR,FOR,15/20,follows_consensus,exact
003670,포스코퓨처엠,director_compensation,FOR,FOR,12/12,follows_consensus,exact
047810,한국항공우주,financial_statements,FOR,FOR,4/4,follows_consensus,exact
047810,한국항공우주,director_election,FOR,FOR,12/18,follows_consensus,exact
047810,한국항공우주,audit_committee_election,FOR,AGAINST,8/15,weak_consensus_aligned,exact
047810,한국항공우주,director_compensation,FOR,FOR,9/9,follows_consensus,exact
086280,현대글로비스,financial_statements,FOR,FOR,7/7,follows_consensus,exact
086280,현대글로비스,director_election,FOR,FOR,41/44,follows_consensus,exact
086280,현대글로비스,cash_dividend,FOR,FOR,10/10,follows_consensus,exact
017670,SK텔레콤,financial_statements,FOR,FOR,6/6,follows_consensus,exact
017670,SK텔레콤,articles_amendment,FOR,FOR,13/13,follows_consensus,exact
017670,SK텔레콤,director_election,FOR,FOR,39/41,follows_consensus,exact
017670,SK텔레콤,director_compensation,FOR,FOR,15/16,follows_consensus,exact
030200,KT,financial_statements,FOR,FOR,2/2,follows_consensus,exact
030200,KT,articles_amendment,FOR,FOR,28/28,follows_consensus,exact
030200,KT,director_election,FOR,FOR,22/23,follows_consensus,exact
030200,KT,audit_committee_election,FOR,FOR,13/14,follows_consensus,exact
030200,KT,director_compensation,FOR,FOR,5/5,follows_consensus,exact
079550,LIG넥스원,financial_statements,FOR,,,no_data,exact
079550,LIG넥스원,articles_amendment,FOR,,,no_data,exact
079550,LIG넥스원,director_election,FOR,,,no_data,exact
079550,LIG넥스원,audit_committee_election,FOR,,,no_data,exact
003550,LG,financial_statements,FOR,FOR,7/7,follows_consensus,exact
003550,LG,articles_amendment,FOR,FOR,46/46,follows_consensus,exact
003550,LG,treasury_share,FOR,FOR,6/6,follows_consensus,exact
003550,LG,director_election,FOR,FOR,29/29,follows_consensus,exact
003550,LG,director_compensation,FOR,FOR,15/17,follows_consensus,exact
047050,포스코인터내셔널,financial_statements,FOR,FOR,5/5,follows_consensus,exact
047050,포스코인터내셔널,articles_amendment,FOR,FOR,15/15,follows_consensus,exact
047050,포스코인터내셔널,director_election,FOR,FOR,52/54,follows_consensus,exact
047050,포스코인터내셔널,audit_committee_election,FOR,FOR,12/12,follows_consensus,exact
352820,하이브,financial_statements,FOR,FOR,7/7,follows_consensus,exact
352820,하이브,director_election,FOR,FOR,38/44,follows_consensus,exact
352820,하이브,audit_committee_election,FOR,FOR,18/19,follows_consensus,exact
352820,하이브,director_compensation,FOR,FOR,23/30,follows_consensus,exact
005830,DB손해보험,financial_statements,FOR,FOR,5/5,follows_consensus,exact
005830,DB손해보험,articles_amendment,FOR,FOR,34/34,follows_consensus,exact
005830,DB손해보험,director_election,FOR,FOR,52/56,follows_consensus,exact
005830,DB손해보험,audit_committee_election,FOR,FOR,31/41,follows_consensus,exact
005830,DB손해보험,director_compensation,FOR,FOR,11/11,follows_consensus,exact
010950,S-Oil,financial_statements,FOR,FOR,4/4,follows_consensus,exact
010950,S-Oil,director_election,FOR,FOR,28/30,follows_consensus,exact
010950,S-Oil,director_compensation,FOR,FOR,5/7,follows_consensus,exact
278470,에이피알,financial_statements,FOR,FOR,2/2,follows_consensus,exact
278470,에이피알,articles_amendment,FOR,FOR,42/42,follows_consensus,exact
278470,에이피알,director_compensation,FOR,FOR,10/10,follows_consensus,exact
005940,NH투자증권,financial_statements,FOR,FOR,5/5,follows_consensus,exact
005940,NH투자증권,articles_amendment,FOR,FOR,17/19,follows_consensus,exact
005940,NH투자증권,director_election,FOR,FOR,39/39,follows_consensus,exact
005940,NH투자증권,director_compensation,FOR,FOR,8/8,follows_consensus,exact
071050,한국금융지주,articles_amendment,FOR,FOR,18/18,follows_consensus,exact
071050,한국금융지주,other,FOR,FOR,5/5,follows_consensus,exact
071050,한국금융지주,director_election,FOR,FOR,61/65,follows_consensus,exact
071050,한국금융지주,audit_committee_election,FOR,FOR,31/37,follows_consensus,exact
323410,카카오뱅크,financial_statements,FOR,FOR,2/2,follows_consensus,exact
323410,카카오뱅크,articles_amendment,FOR,FOR,24/24,follows_consensus,exact
323410,카카오뱅크,director_election,FOR,FOR,22/24,follows_consensus,exact
323410,카카오뱅크,other,FOR,FOR,7/7,follows_consensus,exact
018260,삼성에스디에스,financial_statements,FOR,FOR,5/7,follows_consensus,exact
018260,삼성에스디에스,director_election,FOR,FOR,27/35,follows_consensus,exact
018260,삼성에스디에스,articles_amendment,FOR,FOR,11/20,follows_consensus,exact
018260,삼성에스디에스,director_compensation,FOR,FOR,12/15,follows_consensus,exact
039490,키움증권,financial_statements,FOR,FOR,5/6,follows_consensus,exact
039490,키움증권,articles_amendment,FOR,FOR,42/45,follows_consensus,exact
039490,키움증권,other,FOR,,,no_data,exact
039490,키움증권,director_election,FOR,FOR,44/46,follows_consensus,exact
307950,현대오토에버,financial_statements,FOR,FOR,5/5,follows_consensus,exact
307950,현대오토에버,cash_dividend,FOR,FOR,7/7,follows_consensus,exact
307950,현대오토에버,director_election,FOR,FOR,18/18,follows_consensus,exact
259960,크래프톤,financial_statements,FOR,AGAINST,3/6,weak_consensus_aligned,exact
259960,크래프톤,director_compensation,FOR,FOR,11/15,follows_consensus,exact
259960,크래프톤,articles_amendment,FOR,FOR,19/27,follows_consensus,exact
259960,크래프톤,audit_committee_election,FOR,FOR,23/25,follows_consensus,exact
007660,이수페타시스,financial_statements,FOR,FOR,3/5,follows_consensus,exact
007660,이수페타시스,director_election,FOR,FOR,11/19,follows_consensus,exact
007660,이수페타시스,director_compensation,FOR,FOR,19/20,follows_consensus,exact
006260,LS,financial_statements,FOR,FOR,6/6,follows_consensus,exact
006260,LS,director_election,FOR,FOR,15/18,follows_consensus,exact
006260,LS,director_compensation,FOR,FOR,6/10,follows_consensus,exact
003490,대한항공,financial_statements,FOR,FOR,5/5,follows_consensus,exact
003490,대한항공,articles_amendment,FOR,FOR,28/28,follows_consensus,exact
003490,대한항공,director_election,FOR,FOR,25/28,follows_consensus,exact
003490,대한항공,director_compensation,FOR,FOR,10/12,follows_consensus,exact
016360,삼성증권,financial_statements,FOR,FOR,3/3,follows_consensus,exact
016360,삼성증권,articles_amendment,FOR,FOR,24/30,follows_consensus,exact
016360,삼성증권,director_election,FOR,FOR,32/40,follows_consensus,exact
016360,삼성증권,audit_committee_election,FOR,FOR,16/20,follows_consensus,exact
003230,삼양식품,financial_statements,FOR,AGAINST,2/4,weak_consensus_aligned,exact
003230,삼양식품,director_election,FOR,FOR,15/15,follows_consensus,exact
003230,삼양식품,director_compensation,FOR,FOR,9/10,follows_consensus,exact
090430,아모레퍼시픽,financial_statements,FOR,FOR,4/5,follows_consensus,exact
090430,아모레퍼시픽,director_election,FOR,FOR,28/29,follows_consensus,exact
090430,아모레퍼시픽,audit_committee_election,FOR,FOR,12/13,follows_consensus,exact
090430,아모레퍼시픽,director_compensation,FOR,FOR,10/10,follows_consensus,exact
180640,한진칼,financial_statements,FOR,FOR,4/4,follows_consensus,exact
180640,한진칼,director_election,FOR,FOR,19/21,follows_consensus,exact
180640,한진칼,articles_amendment,FOR,FOR,31/33,follows_consensus,exact
180640,한진칼,cash_dividend,FOR,FOR,5/5,follows_consensus,exact
180640,한진칼,other,FOR,,,no_data,exact
377300,카카오페이,financial_statements,FOR,FOR,4/4,follows_consensus,exact
377300,카카오페이,articles_amendment,FOR,FOR,36/37,follows_consensus,exact
377300,카카오페이,director_election,FOR,FOR,16/22,follows_consensus,exact
377300,카카오페이,audit_committee_election,FOR,FOR,11/15,follows_consensus,exact
377300,카카오페이,director_compensation,FOR,FOR,9/12,follows_consensus,exact
000880,한화,financial_statements,FOR,FOR,2/2,follows_consensus,exact
000880,한화,articles_amendment,FOR,FOR,25/26,follows_consensus,exact
000880,한화,cash_dividend,FOR,FOR,4/4,follows_consensus,exact
000880,한화,other,FOR,,,no_data,exact
000880,한화,director_election,FOR,FOR,20/21,follows_consensus,exact
000880,한화,director_compensation,FOR,FOR,4/6,follows_consensus,exact
443060,HD현대마린솔루션,financial_statements,FOR,FOR,2/2,follows_consensus,exact
443060,HD현대마린솔루션,articles_amendment,FOR,FOR,3/3,follows_consensus,exact
443060,HD현대마린솔루션,director_election,FOR,FOR,7/7,follows_consensus,exact
443060,HD현대마린솔루션,audit_committee_election,FOR,FOR,5/6,follows_consensus,exact
443060,HD현대마린솔루션,director_compensation,FOR,FOR,3/3,follows_consensus,exact
009830,한화솔루션,financial_statements,FOR,FOR,5/5,follows_consensus,exact
009830,한화솔루션,articles_amendment,FOR,FOR,26/30,follows_consensus,exact
009830,한화솔루션,other,FOR,,,no_data,exact
009830,한화솔루션,cash_dividend,FOR,FOR,4/4,follows_consensus,exact
009830,한화솔루션,director_election,FOR,FOR,37/37,follows_consensus,exact
000100,유한양행,financial_statements,FOR,FOR,6/6,follows_consensus,exact
000100,유한양행,articles_amendment,FOR,FOR,60/75,follows_consensus,exact
000100,유한양행,director_compensation,FOR,FOR,16/16,follows_consensus,exact
326030,SK바이오팜,financial_statements,FOR,FOR,2/2,follows_consensus,exact
326030,SK바이오팜,director_election,FOR,FOR,5/5,follows_consensus,exact
326030,SK바이오팜,audit_committee_election,FOR,FOR,4/4,follows_consensus,exact
326030,SK바이오팜,director_compensation,FOR,FOR,4/4,follows_consensus,exact
161390,한국타이어앤테크놀로지,financial_statements,FOR,FOR,5/5,follows_consensus,exact
161390,한국타이어앤테크놀로지,articles_amendment,FOR,FOR,42/46,follows_consensus,exact
161390,한국타이어앤테크놀로지,other,FOR,,,no_data,exact
161390,한국타이어앤테크놀로지,cash_dividend,FOR,FOR,8/8,follows_consensus,exact
161390,한국타이어앤테크놀로지,director_election,FOR,FOR,36/47,follows_consensus,exact
161390,한국타이어앤테크놀로지,director_compensation,FOR,FOR,11/13,follows_consensus,exact
047040,대우건설,financial_statements,FOR,FOR,2/3,follows_consensus,exact
047040,대우건설,director_election,FOR,FOR,4/4,follows_consensus,exact
047040,대우건설,audit_committee_election,FOR,FOR,4/4,follows_consensus,exact
047040,대우건설,director_compensation,FOR,FOR,4/5,follows_consensus,exact
028050,삼성E&A,financial_statements,FOR,ABSTAIN,2/3,aligns_with_outlier,exact
028050,삼성E&A,director_election,FOR,ABSTAIN,5/9,weak_consensus_aligned,exact
028050,삼성E&A,audit_committee_election,FOR,ABSTAIN,4/7,weak_consensus_aligned,exact
028050,삼성E&A,director_compensation,FOR,ABSTAIN,3/5,weak_consensus_aligned,exact
028050,삼성E&A,articles_amendment,FOR,ABSTAIN,5/8,weak_consensus_aligned,exact
029780,삼성카드,financial_statements,FOR,FOR,2/2,follows_consensus,exact
029780,삼성카드,articles_amendment,FOR,FOR,13/21,follows_consensus,exact
029780,삼성카드,director_election,FOR,FOR,14/21,follows_consensus,exact
029780,삼성카드,other,FOR,,,no_data,exact
011070,LG이노텍,financial_statements,FOR,FOR,1/1,follows_consensus,exact
011070,LG이노텍,director_election,FOR,FOR,19/19,follows_consensus,exact
011070,LG이노텍,audit_committee_election,FOR,FOR,8/8,follows_consensus,exact
011070,LG이노텍,director_compensation,FOR,FOR,7/7,follows_consensus,exact
032640,LG유플러스,financial_statements,FOR,FOR,3/3,follows_consensus,exact
032640,LG유플러스,director_election,FOR,FOR,22/22,follows_consensus,exact
032640,LG유플러스,audit_committee_election,FOR,FOR,13/13,follows_consensus,exact
032640,LG유플러스,director_compensation,FOR,FOR,10/10,follows_consensus,exact
078930,GS,financial_statements,FOR,FOR,5/5,follows_consensus,exact
078930,GS,director_compensation,FOR,FOR,13/15,follows_consensus,exact
078930,GS,director_election,FOR,FOR,16/18,follows_consensus,exact
128940,한미약품,financial_statements,FOR,FOR,4/7,follows_consensus,exact
128940,한미약품,articles_amendment,FOR,FOR,33/33,follows_consensus,exact
128940,한미약품,director_election,FOR,FOR,35/38,follows_consensus,exact
128940,한미약품,director_compensation,FOR,FOR,12/12,follows_consensus,exact
034220,LG디스플레이,financial_statements,FOR,FOR,2/2,follows_consensus,exact
034220,LG디스플레이,articles_amendment,FOR,FOR,26/28,follows_consensus,exact
034220,LG디스플레이,other,FOR,,,no_data,exact
034220,LG디스플레이,cash_dividend,FOR,FOR,4/4,follows_consensus,exact
034220,LG디스플레이,director_election,FOR,FOR,10/10,follows_consensus,exact
064400,LG씨엔에스,financial_statements,FOR,FOR,1/1,follows_consensus,exact
064400,LG씨엔에스,articles_amendment,FOR,FOR,5/5,follows_consensus,exact
064400,LG씨엔에스,director_election,FOR,FOR,3/3,follows_consensus,exact
064400,LG씨엔에스,director_compensation,FOR,FOR,1/1,follows_consensus,exact
052690,한전기술,financial_statements,FOR,FOR,3/3,follows_consensus,exact
052690,한전기술,director_compensation,FOR,FOR,12/12,follows_consensus,exact
052690,한전기술,director_election,FOR,FOR,9/10,follows_consensus,exact
241560,두산밥캣,financial_statements,FOR,FOR,4/4,follows_consensus,exact
241560,두산밥캣,articles_amendment,FOR,FOR,11/12,follows_consensus,exact
241560,두산밥캣,director_election,FOR,FOR,8/9,follows_consensus,exact
241560,두산밥캣,audit_committee_election,FOR,FOR,8/9,follows_consensus,exact
241560,두산밥캣,director_compensation,FOR,FOR,9/9,follows_consensus,exact
138930,BNK금융지주,financial_statements,FOR,FOR,4/4,follows_consensus,exact
138930,BNK금융지주,articles_amendment,FOR,FOR,26/26,follows_consensus,exact
138930,BNK금융지주,director_election,FOR,FOR,47/48,follows_consensus,exact
138930,BNK금융지주,director_compensation,FOR,FOR,18/26,follows_consensus,exact
001040,CJ,financial_statements,FOR,FOR,5/5,follows_consensus,exact
001040,CJ,articles_amendment,FOR,FOR,23/23,follows_consensus,exact
001040,CJ,director_election,FOR,FOR,15/15,follows_consensus,exact
001040,CJ,audit_committee_election,FOR,FOR,9/9,follows_consensus,exact
001040,CJ,director_compensation,FOR,FOR,8/8,follows_consensus,exact
454910,두산로보틱스,financial_statements,FOR,FOR,3/3,follows_consensus,exact
454910,두산로보틱스,director_election,FOR,FOR,12/12,follows_consensus,exact
454910,두산로보틱스,director_compensation,FOR,FOR,5/7,follows_consensus,exact
001440,대한전선,financial_statements,FOR,FOR,2/3,follows_consensus,exact
001440,대한전선,director_election,FOR,FOR,13/13,follows_consensus,exact
175330,JB금융지주,financial_statements,FOR,FOR,5/5,follows_consensus,exact
175330,JB금융지주,articles_amendment,FOR,FOR,18/19,follows_consensus,exact
175330,JB금융지주,other,FOR,FOR,3/4,follows_consensus,exact
175330,JB금융지주,cash_dividend,FOR,FOR,9/9,follows_consensus,exact
175330,JB금융지주,director_election,FOR,FOR,73/98,follows_consensus,exact
021240,코웨이,financial_statements,FOR,FOR,6/6,follows_consensus,exact
021240,코웨이,articles_amendment,FOR,FOR,54/57,follows_consensus,exact
021240,코웨이,other,FOR,,,no_data,exact
021240,코웨이,director_election,FOR,FOR,55/68,follows_consensus,exact
021240,코웨이,cash_dividend,FOR,FOR,4/4,follows_consensus,exact
271560,오리온,financial_statements,FOR,FOR,2/2,follows_consensus,exact
271560,오리온,director_election,FOR,FOR,8/8,follows_consensus,exact
271560,오리온,director_compensation,FOR,FOR,3/5,follows_consensus,exact
022100,포스코DX,financial_statements,FOR,FOR,2/2,follows_consensus,exact
022100,포스코DX,articles_amendment,FOR,FOR,2/2,follows_consensus,exact
022100,포스코DX,director_election,FOR,FOR,15/15,follows_consensus,exact
022100,포스코DX,director_compensation,FOR,FOR,4/6,follows_consensus,exact
036570,엔씨소프트,financial_statements,FOR,,,no_data,exact
036570,엔씨소프트,director_election,FOR,,,no_data,exact
036570,엔씨소프트,audit_committee_election,FOR,,,no_data,exact
036570,엔씨소프트,director_compensation,FOR,,,no_data,exact
086520,에코프로,financial_statements,FOR,FOR,12/12,follows_consensus,exact
086520,에코프로,articles_amendment,FOR,FOR,25/30,follows_consensus,exact
086520,에코프로,other,FOR,,,no_data,exact
086520,에코프로,director_election,FOR,FOR,26/27,follows_consensus,exact
247540,에코프로비엠,financial_statements,FOR,FOR,4/5,follows_consensus,exact
247540,에코프로비엠,articles_amendment,FOR,FOR,7/10,follows_consensus,exact
247540,에코프로비엠,director_election,FOR,FOR,28/30,follows_consensus,exact
196170,알테오젠,director_compensation,FOR,FOR,35/40,follows_consensus,exact
196170,알테오젠,other,FOR,FOR,13/13,follows_consensus,exact
058470,리노공업,financial_statements,FOR,FOR,5/7,follows_consensus,exact
058470,리노공업,articles_amendment,FOR,FOR,21/27,follows_consensus,exact
058470,리노공업,director_election,FOR,FOR,25/27,follows_consensus,exact
058470,리노공업,director_compensation,FOR,FOR,26/26,follows_consensus,exact
277810,레인보우로보틱스,financial_statements,FOR,FOR,2/3,follows_consensus,exact
277810,레인보우로보틱스,director_election,FOR,FOR,17/20,follows_consensus,exact
277810,레인보우로보틱스,audit_committee_election,FOR,FOR,9/9,follows_consensus,exact
277810,레인보우로보틱스,director_compensation,FOR,FOR,5/6,follows_consensus,exact
000250,삼천당제약,financial_statements,FOR,FOR,2/2,follows_consensus,exact
000250,삼천당제약,audit_committee_election,FOR,FOR,4/4,follows_consensus,exact
000250,삼천당제약,director_election,FOR,FOR,16/16,follows_consensus,exact
000250,삼천당제약,director_compensation,FOR,FOR,12/18,follows_consensus,exact
000250,삼천당제약,cash_dividend,FOR,FOR,6/6,follows_consensus,exact
298380,에이비엘바이오,financial_statements,FOR,FOR,6/6,follows_consensus,exact
298380,에이비엘바이오,articles_amendment,FOR,FOR,5/9,follows_consensus,exact
298380,에이비엘바이오,director_election,FOR,FOR,8/8,follows_consensus,exact
298380,에이비엘바이오,director_compensation,FOR,FOR,27/30,follows_consensus,exact
298380,에이비엘바이오,other,FOR,FOR,2/2,follows_consensus,exact
028300,HLB,financial_statements,FOR,FOR,2/2,follows_consensus,exact
028300,HLB,director_election,FOR,FOR,18/20,follows_consensus,exact
028300,HLB,audit_committee_election,FOR,FOR,6/8,follows_consensus,exact
028300,HLB,director_compensation,FOR,FOR,8/10,follows_consensus,exact
141080,리가켐바이오,financial_statements,FOR,FOR,6/6,follows_consensus,exact
141080,리가켐바이오,articles_amendment,FOR,FOR,6/6,follows_consensus,exact
141080,리가켐바이오,other,FOR,,,no_data,exact
141080,리가켐바이오,cash_dividend,FOR,FOR,2/2,follows_consensus,exact
141080,리가켐바이오,director_election,FOR,FOR,6/6,follows_consensus,exact
141080,리가켐바이오,director_compensation,REVIEW,FOR,13/20,weak_consensus_review_ok,exact
052690,한전기술,financial_statements,FOR,FOR,3/3,follows_consensus,exact
052690,한전기술,director_compensation,FOR,FOR,12/12,follows_consensus,exact
052690,한전기술,director_election,FOR,FOR,9/10,follows_consensus,exact
011200,HMM,financial_statements,FOR,FOR,2/2,follows_consensus,exact
011200,HMM,director_election,FOR,FOR,21/23,follows_consensus,exact
011200,HMM,director_compensation,FOR,FOR,11/11,follows_consensus,exact
039030,이오테크닉스,financial_statements,FOR,FOR,5/5,follows_consensus,exact
039030,이오테크닉스,cash_dividend,FOR,FOR,11/14,follows_consensus,exact
039030,이오테크닉스,other,FOR,FOR,4/4,follows_consensus,exact
039030,이오테크닉스,articles_amendment,FOR,FOR,5/5,follows_consensus,exact
039030,이오테크닉스,director_election,FOR,FOR,19/20,follows_consensus,exact
039030,이오테크닉스,audit_committee_election,FOR,FOR,2/2,follows_consensus,exact
039030,이오테크닉스,director_compensation,FOR,FOR,16/18,follows_consensus,exact
036930,주성엔지니어링,financial_statements,FOR,AGAINST,2/2,unique,exact
036930,주성엔지니어링,articles_amendment,FOR,FOR,21/29,follows_consensus,exact
036930,주성엔지니어링,director_election,FOR,FOR,30/31,follows_consensus,exact
036930,주성엔지니어링,director_compensation,FOR,FOR,10/15,follows_consensus,exact
240810,원익IPS,financial_statements,FOR,FOR,4/4,follows_consensus,exact
240810,원익IPS,director_election,FOR,FOR,7/11,follows_consensus,exact
240810,원익IPS,audit_committee_election,FOR,AGAINST,3/3,unique,exact
240810,원익IPS,director_compensation,FOR,FOR,10/11,follows_consensus,exact
087010,펩트론,financial_statements,FOR,FOR,5/5,follows_consensus,exact
087010,펩트론,director_election,FOR,FOR,14/14,follows_consensus,exact
087010,펩트론,audit_committee_election,FOR,AGAINST,1/1,unique,exact
087010,펩트론,director_compensation,FOR,FOR,13/15,follows_consensus,exact
087010,펩트론,cash_dividend,FOR,FOR,3/3,follows_consensus,exact
214370,케어젠,financial_statements,FOR,FOR,1/1,follows_consensus,exact
214370,케어젠,articles_amendment,FOR,FOR,2/2,follows_consensus,exact
214370,케어젠,director_election,FOR,FOR,4/4,follows_consensus,exact
214370,케어젠,director_compensation,FOR,FOR,3/3,follows_consensus,exact
310210,보로노이,financial_statements,FOR,FOR,3/3,follows_consensus,exact
310210,보로노이,director_election,FOR,FOR,7/7,follows_consensus,exact
310210,보로노이,director_compensation,FOR,FOR,12/14,follows_consensus,exact
310210,보로노이,other,FOR,,,no_data,exact
108490,로보티즈,financial_statements,FOR,FOR,4/4,follows_consensus,exact
108490,로보티즈,director_compensation,FOR,AGAINST,7/12,weak_consensus_aligned,exact
095340,ISC,financial_statements,FOR,FOR,3/3,follows_consensus,exact
095340,ISC,cash_dividend,FOR,FOR,15/15,follows_consensus,exact
095340,ISC,director_election,FOR,FOR,31/33,follows_consensus,exact
095340,ISC,director_compensation,FOR,FOR,15/21,follows_consensus,exact
095340,ISC,articles_amendment,FOR,FOR,26/27,follows_consensus,exact
095340,ISC,other,FOR,,,no_data,exact
440110,파두,financial_statements,FOR,FOR,1/1,follows_consensus,exact
440110,파두,other,FOR,,,no_data,exact
440110,파두,director_election,FOR,FOR,5/5,follows_consensus,exact
440110,파두,audit_committee_election,FOR,FOR,4/4,follows_consensus,exact
403870,HPSP,financial_statements,FOR,FOR,2/2,follows_consensus,exact
403870,HPSP,director_election,FOR,FOR,31/31,follows_consensus,exact
403870,HPSP,audit_committee_election,FOR,FOR,15/17,follows_consensus,exact
403870,HPSP,director_compensation,FOR,FOR,14/14,follows_consensus,exact
263750,펄어비스,financial_statements,FOR,FOR,4/4,follows_consensus,exact
263750,펄어비스,director_election,FOR,FOR,14/14,follows_consensus,exact
263750,펄어비스,director_compensation,FOR,FOR,11/18,follows_consensus,exact
032820,우리기술,financial_statements,FOR,FOR,1/1,follows_consensus,exact
032820,우리기술,director_compensation,FOR,AGAINST,1/1,unique,exact
214150,클래시스,financial_statements,FOR,FOR,3/3,follows_consensus,exact
214150,클래시스,articles_amendment,FOR,FOR,5/7,follows_consensus,exact
214150,클래시스,director_election,FOR,FOR,38/38,follows_consensus,exact
214150,클래시스,audit_committee_election,FOR,FOR,21/21,follows_consensus,exact
214150,클래시스,director_compensation,FOR,FOR,14/14,follows_consensus,exact
214150,클래시스,other,FOR,FOR,2/2,follows_consensus,exact
357780,솔브레인,financial_statements,FOR,FOR,5/6,follows_consensus,exact
357780,솔브레인,articles_amendment,FOR,FOR,16/16,follows_consensus,exact
357780,솔브레인,director_compensation,FOR,FOR,15/22,follows_consensus,exact
357780,솔브레인,director_election,FOR,FOR,14/14,follows_consensus,exact
178320,서진시스템,financial_statements,FOR,FOR,3/3,follows_consensus,exact
178320,서진시스템,director_election,FOR,FOR,4/4,follows_consensus,exact
178320,서진시스템,audit_committee_election,FOR,AGAINST,5/5,unique,exact
178320,서진시스템,director_compensation,FOR,FOR,14/17,follows_consensus,exact
178320,서진시스템,other,FOR,,,no_data,exact
226950,올릭스,director_election,FOR,AGAINST,3/4,aligns_with_outlier,exact
064760,티씨케이,financial_statements,FOR,FOR,4/4,follows_consensus,exact
064760,티씨케이,director_election,FOR,FOR,43/46,follows_consensus,exact
064760,티씨케이,audit_committee_election,FOR,FOR,2/3,follows_consensus,exact
064760,티씨케이,director_compensation,FOR,FOR,22/22,follows_consensus,exact
214450,파마리서치,financial_statements,FOR,FOR,6/6,follows_consensus,exact
214450,파마리서치,director_election,FOR,FOR,34/34,follows_consensus,exact
214450,파마리서치,audit_committee_election,FOR,FOR,16/16,follows_consensus,exact
347850,디앤디파마텍,financial_statements,FOR,FOR,3/3,follows_consensus,exact
347850,디앤디파마텍,director_election,FOR,FOR,7/7,follows_consensus,exact
347850,디앤디파마텍,audit_committee_election,FOR,FOR,3/5,follows_consensus,exact
347850,디앤디파마텍,director_compensation,FOR,FOR,5/8,follows_consensus,exact
347850,디앤디파마텍,other,FOR,,,no_data,exact
222800,심텍,financial_statements,FOR,FOR,3/4,follows_consensus,exact
222800,심텍,articles_amendment,FOR,FOR,13/25,follows_consensus,exact
222800,심텍,other,FOR,,,no_data,exact
222800,심텍,audit_committee_election,FOR,AGAINST,1/1,unique,exact
222800,심텍,director_compensation,FOR,FOR,16/16,follows_consensus,exact
145020,휴젤,financial_statements,FOR,FOR,1/2,follows_consensus,exact
145020,휴젤,director_election,FOR,FOR,14/16,follows_consensus,exact
145020,휴젤,audit_committee_election,FOR,FOR,9/11,follows_consensus,exact
083650,비에이치아이,financial_statements,FOR,FOR,2/2,follows_consensus,exact
083650,비에이치아이,director_election,FOR,FOR,6/10,follows_consensus,exact
083650,비에이치아이,director_compensation,FOR,FOR,2/4,follows_consensus,exact
237690,에스티팜,financial_statements,FOR,FOR,4/4,follows_consensus,exact
237690,에스티팜,articles_amendment,FOR,FOR,5/6,follows_consensus,exact
237690,에스티팜,director_election,FOR,FOR,10/10,follows_consensus,exact
237690,에스티팜,audit_committee_election,FOR,FOR,6/6,follows_consensus,exact
237690,에스티팜,other,FOR,FOR,2/2,follows_consensus,exact
237690,에스티팜,director_compensation,FOR,FOR,12/17,follows_consensus,exact
084370,유진테크,financial_statements,FOR,AGAINST,2/3,aligns_with_outlier,exact
084370,유진테크,director_election,FOR,FOR,5/5,follows_consensus,exact
084370,유진테크,director_compensation,FOR,FOR,10/12,follows_consensus,exact
084370,유진테크,other,FOR,,,no_data,exact
005290,동진쎄미켐,financial_statements,FOR,FOR,4/4,follows_consensus,exact
005290,동진쎄미켐,director_election,FOR,FOR,12/12,follows_consensus,exact
005290,동진쎄미켐,director_compensation,FOR,FOR,16/18,follows_consensus,exact
058610,에스피지,financial_statements,FOR,FOR,3/3,follows_consensus,exact
058610,에스피지,director_election,FOR,FOR,2/3,follows_consensus,exact
058610,에스피지,director_compensation,FOR,FOR,10/13,follows_consensus,exact
098460,고영,financial_statements,FOR,FOR,2/2,follows_consensus,exact
098460,고영,articles_amendment,FOR,FOR,5/5,follows_consensus,exact
098460,고영,director_election,FOR,FOR,12/12,follows_consensus,exact
098460,고영,audit_committee_election,FOR,AGAINST,1/1,unique,exact
098460,고영,director_compensation,FOR,FOR,6/8,follows_consensus,exact
257720,실리콘투,financial_statements,FOR,FOR,3/3,follows_consensus,exact
257720,실리콘투,articles_amendment,FOR,FOR,50/50,follows_consensus,exact
257720,실리콘투,director_election,FOR,FOR,37/40,follows_consensus,exact
257720,실리콘투,audit_committee_election,FOR,FOR,18/20,follows_consensus,exact
031980,피에스케이홀딩스,financial_statements,FOR,FOR,1/1,follows_consensus,exact
031980,피에스케이홀딩스,director_election,FOR,FOR,9/10,follows_consensus,exact
031980,피에스케이홀딩스,audit_committee_election,FOR,FOR,2/2,follows_consensus,exact
031980,피에스케이홀딩스,director_compensation,FOR,FOR,8/12,follows_consensus,exact
140410,메지온,financial_statements,FOR,FOR,1/1,follows_consensus,exact
140410,메지온,articles_amendment,FOR,FOR,3/3,follows_consensus,exact
140410,메지온,director_election,FOR,FOR,6/6,follows_consensus,exact
140410,메지온,director_compensation,FOR,FOR,8/8,follows_consensus,exact
067310,하나마이크론,financial_statements,FOR,FOR,4/4,follows_consensus,exact
067310,하나마이크론,other,FOR,FOR,4/5,follows_consensus,exact
067310,하나마이크론,director_election,FOR,FOR,17/19,follows_consensus,exact
067310,하나마이크론,director_compensation,FOR,FOR,13/16,follows_consensus,exact
082920,비츠로셀,financial_statements,FOR,FOR,1/1,follows_consensus,exact
082920,비츠로셀,articles_amendment,FOR,FOR,2/2,follows_consensus,exact
082920,비츠로셀,other,FOR,,,no_data,exact
082920,비츠로셀,audit_committee_election,FOR,FOR,2/3,follows_consensus,exact
082920,비츠로셀,director_election,FOR,FOR,3/4,follows_consensus,exact
319660,피에스케이,financial_statements,FOR,FOR,3/3,follows_consensus,exact
319660,피에스케이,director_election,FOR,FOR,19/19,follows_consensus,exact
319660,피에스케이,audit_committee_election,FOR,AGAINST,2/3,aligns_with_outlier,exact
319660,피에스케이,director_compensation,FOR,FOR,16/24,follows_consensus,exact
131970,두산테스나,financial_statements,FOR,FOR,3/3,follows_consensus,exact
131970,두산테스나,director_election,FOR,FOR,11/11,follows_consensus,exact
131970,두산테스나,audit_committee_election,FOR,FOR,8/9,follows_consensus,exact
030530,원익홀딩스,financial_statements,FOR,FOR,1/1,follows_consensus,exact
030530,원익홀딩스,director_election,FOR,FOR,2/2,follows_consensus,exact
030530,원익홀딩스,audit_committee_election,FOR,AGAINST,1/1,unique,exact
030530,원익홀딩스,director_compensation,FOR,FOR,1/2,follows_consensus,exact
218410,RFHIC,financial_statements,FOR,FOR,3/3,follows_consensus,exact
218410,RFHIC,articles_amendment,FOR,FOR,4/7,follows_consensus,exact
218410,RFHIC,director_compensation,FOR,FOR,17/23,follows_consensus,exact
218410,RFHIC,other,FOR,FOR,1/1,follows_consensus,exact
304100,솔트룩스,financial_statements,FOR,FOR,2/2,follows_consensus,exact
304100,솔트룩스,director_election,FOR,,,no_data,exact
304100,솔트룩스,director_compensation,FOR,FOR,4/4,follows_consensus,exact
083450,GST,financial_statements,FOR,FOR,1/1,follows_consensus,exact
083450,GST,articles_amendment,FOR,AGAINST,1/1,unique,exact
083450,GST,director_election,FOR,FOR,2/2,follows_consensus,exact
083450,GST,director_compensation,FOR,FOR,3/4,follows_consensus,exact
083450,GST,other,FOR,,,no_data,exact
0030R0,대신밸류리츠,financial_statements,FOR,FOR,1/1,follows_consensus,exact
0030R0,대신밸류리츠,cash_dividend,FOR,FOR,1/1,follows_consensus,exact
0030R0,대신밸류리츠,director_compensation,FOR,FOR,2/2,follows_consensus,exact
0030R0,대신밸류리츠,other,FOR,,,no_data,exact
114840,아이패밀리에스씨,financial_statements,FOR,,,no_data,exact
114840,아이패밀리에스씨,director_election,FOR,FOR,4/4,follows_consensus,exact
114840,아이패밀리에스씨,other,FOR,,,no_data,exact
114840,아이패밀리에스씨,director_compensation,FOR,FOR,3/4,follows_consensus,exact
085670,뉴프렉스,financial_statements,FOR,,,no_data,exact
085670,뉴프렉스,director_compensation,FOR,FOR,1/2,follows_consensus,exact
294090,이오플로우,financial_statements,AGAINST,,,no_data,exact
294090,이오플로우,articles_amendment,FOR,AGAINST,7/10,aligns_with_outlier,exact
294090,이오플로우,director_compensation,AGAINST,AGAINST,2/3,follows_consensus,exact
294090,이오플로우,director_election,FOR,FOR,3/3,follows_consensus,exact
